{"stats":{"minecraft:dropped":{"minecraft:wheat_seeds":2},"minecraft:mined":{"minecraft:tall_grass":11,"minecraft:grass":87,"minecraft:fern":13},"minecraft:picked_up":{"minecraft:wheat_seeds":12},"minecraft:custom":{"minecraft:jump":272,"minecraft:time_since_rest":2690,"minecraft:leave_game":1,"minecraft:damage_dealt":21,"minecraft:walk_on_water_one_cm":246,"minecraft:deaths":1,"minecraft:sprint_one_cm":18779,"minecraft:play_time":3781,"minecraft:damage_taken":480,"minecraft:time_since_death":2665,"minecraft:walk_one_cm":2024,"minecraft:sneak_time":40,"minecraft:climb_one_cm":305,"minecraft:total_world_time":3781,"minecraft:walk_under_water_one_cm":245,"minecraft:swim_one_cm":310,"minecraft:drop":2,"minecraft:fall_one_cm":15658,"minecraft:fly_one_cm":68532}},"DataVersion":3465}