{"stats":{"minecraft:killed":{"minecraft:spider":2,"minecraft:skeleton":4,"minecraft:chicken":2,"minecraft:drowned":2,"minecraft:pig":2,"minecraft:frog":2,"minecraft:creeper":1,"minecraft:sheep":19,"minecraft:zombie":10,"minecraft:cow":3},"minecraft:dropped":{"minecraft:iron_ingot":20,"minecraft:bread":28,"minecraft:porkchop":11,"minecraft:wheat_seeds":1,"minecraft:poisonous_potato":6,"minecraft:cobblestone":10,"minecraft:mossy_stone_brick_stairs":1,"minecraft:jungle_planks":110,"minecraft:coal":64,"minecraft:leather_helmet":1,"minecraft:stick":1,"minecraft:dispenser":2,"minecraft:mutton":26,"minecraft:cooked_cod":1,"minecraft:gold_nugget":6,"minecraft:golden_hoe":1,"minecraft:iron_axe":4,"minecraft:string":1,"minecraft:furnace":4,"minecraft:stone_axe":1,"minecraft:iron_nugget":8,"minecraft:sticky_piston":3,"minecraft:chicken":15,"minecraft:light_gray_wool":1,"minecraft:oak_planks":44,"minecraft:white_bed":1,"minecraft:leather_chestplate":1,"minecraft:chest":2,"minecraft:leather_leggings":1,"minecraft:spider_eye":1,"minecraft:arrow":19,"minecraft:netherrack":1},"minecraft:killed_by":{"minecraft:player":1},"minecraft:mined":{"minecraft:white_bed":8,"minecraft:mossy_cobblestone":6,"minecraft:jungle_leaves":1,"minecraft:lever":1,"minecraft:grass_block":4,"minecraft:jungle_planks":5,"minecraft:jungle_log":44,"minecraft:redstone_wire":2,"minecraft:mangrove_propagule":1,"minecraft:sandstone":1,"minecraft:chiseled_stone_bricks":1,"minecraft:hay_block":49,"minecraft:furnace":2,"minecraft:iron_ore":7,"minecraft:pumpkin":1,"minecraft:gold_block":2,"minecraft:mossy_stone_brick_stairs":1,"minecraft:vine":7,"minecraft:bamboo":1,"minecraft:stone":59,"minecraft:crafting_table":3,"minecraft:melon":22,"minecraft:chest":6,"minecraft:tall_grass":45,"minecraft:cobblestone":13,"minecraft:oak_planks":3,"minecraft:sugar_cane":27,"minecraft:birch_log":12,"minecraft:spruce_log":1,"minecraft:birch_leaves":1,"minecraft:mangrove_leaves":38,"minecraft:grass":49,"minecraft:oak_log":15,"minecraft:sand":11,"minecraft:dirt":2,"minecraft:dispenser":2,"minecraft:netherrack":1,"minecraft:oak_leaves":10,"minecraft:fern":1},"minecraft:used":{"minecraft:chest":12,"minecraft:shield":54,"minecraft:cooked_chicken":1,"minecraft:rotten_flesh":2,"minecraft:torch":18,"minecraft:dirt":2,"minecraft:jungle_planks":78,"minecraft:iron_axe":169,"minecraft:furnace":2,"minecraft:cooked_cod":5,"minecraft:cooked_beef":5,"minecraft:cooked_mutton":3,"minecraft:water_bucket":17,"minecraft:oak_planks":51,"minecraft:jungle_boat":2,"minecraft:golden_hoe":51,"minecraft:crafting_table":8,"minecraft:white_bed":10,"minecraft:bread":47,"minecraft:iron_pickaxe":138,"minecraft:stone_axe":73,"minecraft:cobblestone":32,"minecraft:bucket":16,"minecraft:oak_boat":3},"minecraft:picked_up":{"minecraft:crafting_table":6,"minecraft:mud":10,"minecraft:iron_chestplate":2,"minecraft:wheat":8,"minecraft:chicken":17,"minecraft:leather_leggings":1,"minecraft:gold_block":2,"minecraft:potion":2,"minecraft:golden_shovel":1,"minecraft:brewing_stand":2,"minecraft:shield":3,"minecraft:string":4,"minecraft:iron_axe":5,"minecraft:iron_leggings":2,"minecraft:sticky_piston":6,"minecraft:gold_nugget":6,"minecraft:beef":11,"minecraft:oak_boat":3,"minecraft:chest":6,"minecraft:iron_nugget":8,"minecraft:sugar_cane":95,"minecraft:iron_pickaxe":6,"minecraft:light_gray_wool":1,"minecraft:melon_slice":117,"minecraft:iron_boots":1,"minecraft:furnace":6,"minecraft:stick":67,"minecraft:raw_iron":12,"minecraft:porkchop":16,"minecraft:redstone":12,"minecraft:carrot":17,"minecraft:rotten_flesh":93,"minecraft:arrow":40,"minecraft:cooked_cod":6,"minecraft:golden_hoe":1,"minecraft:hay_block":49,"minecraft:gold_ingot":29,"minecraft:mutton":26,"minecraft:cobblestone":73,"minecraft:white_wool":27,"minecraft:birch_log":12,"minecraft:jungle_boat":2,"minecraft:leather_chestplate":2,"minecraft:feather":8,"minecraft:cooked_beef":18,"minecraft:tripwire_hook":4,"minecraft:water_bucket":3,"minecraft:jungle_log":44,"minecraft:leather":12,"minecraft:golden_leggings":1,"minecraft:oak_log":23,"minecraft:lapis_lazuli":6,"minecraft:dirt":6,"minecraft:paper":7,"minecraft:cooked_mutton":13,"minecraft:bone":38,"minecraft:coast_armor_trim_smithing_template":2,"minecraft:wheat_seeds":8,"minecraft:heart_of_the_sea":2,"minecraft:iron_ingot":35,"minecraft:cooked_chicken":8,"minecraft:bamboo":33,"minecraft:iron_sword":1,"minecraft:oak_planks":87,"minecraft:mossy_stone_brick_stairs":1,"minecraft:book":6,"minecraft:cooked_porkchop":1,"minecraft:chiseled_stone_bricks":1,"minecraft:dandelion":1,"minecraft:poisonous_potato":6,"minecraft:jungle_planks":118,"minecraft:white_bed":12,"minecraft:spruce_log":1,"minecraft:dark_oak_log":2,"minecraft:spider_eye":1,"minecraft:leather_helmet":1,"minecraft:mossy_cobblestone":5,"minecraft:dispenser":4,"minecraft:stone_axe":2,"minecraft:lever":1,"minecraft:iron_helmet":2,"minecraft:emerald":26,"minecraft:bread":55,"minecraft:netherrack":1,"minecraft:coal":110,"minecraft:mangrove_propagule":2},"minecraft:broken":{"minecraft:golden_hoe":1,"minecraft:stone_axe":1},"minecraft:crafted":{"minecraft:oak_planks":68,"minecraft:iron_axe":2,"minecraft:chest":8,"minecraft:wheat":153,"minecraft:crafting_table":6,"minecraft:spruce_planks":4,"minecraft:jungle_boat":1,"minecraft:iron_sword":1,"minecraft:birch_planks":48,"minecraft:bread":56,"minecraft:jungle_planks":176,"minecraft:oak_boat":1,"minecraft:stick":63,"minecraft:iron_shovel":1,"minecraft:gold_ingot":9,"minecraft:torch":128,"minecraft:golden_hoe":4},"minecraft:custom":{"minecraft:mob_kills":47,"minecraft:interact_with_crafting_table":18,"minecraft:leave_game":3,"minecraft:time_since_death":155692,"minecraft:climb_one_cm":9445,"minecraft:sprint_one_cm":384411,"minecraft:walk_one_cm":276245,"minecraft:damage_blocked_by_shield":2180,"minecraft:drop":45,"minecraft:talked_to_villager":1,"minecraft:play_time":167431,"minecraft:deaths":1,"minecraft:sneak_time":2899,"minecraft:walk_under_water_one_cm":71091,"minecraft:boat_one_cm":953384,"minecraft:jump":4076,"minecraft:walk_on_water_one_cm":41167,"minecraft:total_world_time":167431,"minecraft:interact_with_furnace":17,"minecraft:sleep_in_bed":8,"minecraft:time_since_rest":79736,"minecraft:damage_taken":2868,"minecraft:damage_dealt":6585,"minecraft:swim_one_cm":112929,"minecraft:fly_one_cm":792877,"minecraft:open_chest":44,"minecraft:crouch_one_cm":4085,"minecraft:fall_one_cm":111371,"minecraft:inspect_dispenser":1}},"DataVersion":3465}