{"stats":{"minecraft:dropped":{"minecraft:iron_sword":1,"minecraft:porkchop":11,"minecraft:oak_log":320,"minecraft:golden_pickaxe":1,"minecraft:ender_pearl":1,"minecraft:diamond":2,"minecraft:cookie":109,"minecraft:leather":4,"minecraft:mossy_stone_brick_stairs":1,"minecraft:jungle_planks":110,"minecraft:saddle":2,"minecraft:leather_helmet":1,"minecraft:emerald":16,"minecraft:dirt":118,"minecraft:dispenser":2,"minecraft:mutton":26,"minecraft:cooked_cod":1,"minecraft:gold_nugget":6,"minecraft:pumpkin_pie":51,"minecraft:birch_log":50,"minecraft:bone":2,"minecraft:gravel":19,"minecraft:stone_axe":1,"minecraft:cooked_chicken":7,"minecraft:iron_nugget":8,"minecraft:golden_chestplate":1,"minecraft:cobbled_deepslate":7,"minecraft:wheat":2,"minecraft:rotten_flesh":37,"minecraft:oak_planks":108,"minecraft:diamond_shovel":2,"minecraft:nether_brick_fence":21,"minecraft:azure_bluet":1,"minecraft:white_bed":4,"minecraft:carrot":532,"minecraft:leather_chestplate":1,"minecraft:chest":2,"minecraft:leather_leggings":1,"minecraft:arrow":29,"minecraft:netherrack":1,"minecraft:lectern":1,"minecraft:enchanted_book":1,"minecraft:iron_ingot":35,"minecraft:bread":56,"minecraft:wheat_seeds":3,"minecraft:poisonous_potato":10,"minecraft:book":4,"minecraft:oak_fence":3,"minecraft:iron_helmet":3,"minecraft:cobblestone":43,"minecraft:lead":4,"minecraft:coal":114,"minecraft:stick":15,"minecraft:oxeye_daisy":3,"minecraft:diamond_horse_armor":4,"minecraft:ink_sac":1,"minecraft:torch":48,"minecraft:melon_slice":115,"minecraft:iron_leggings":2,"minecraft:golden_hoe":2,"minecraft:iron_axe":7,"minecraft:iron_shovel":2,"minecraft:string":1,"minecraft:dandelion":3,"minecraft:furnace":4,"minecraft:nether_wart":41,"minecraft:blaze_rod":13,"minecraft:bowl":3,"minecraft:sticky_piston":3,"minecraft:tuff":1,"minecraft:diamond_hoe":3,"minecraft:chicken":15,"minecraft:light_gray_wool":1,"minecraft:iron_boots":3,"minecraft:suspicious_stew":5,"minecraft:flint_and_steel":1,"minecraft:blast_furnace":2,"minecraft:diamond_sword":1,"minecraft:potato":330,"minecraft:shield":4,"minecraft:iron_chestplate":4,"minecraft:diamond_pickaxe":5,"minecraft:oak_boat":1,"minecraft:spider_eye":1},"minecraft:custom":{"minecraft:interact_with_crafting_table":79,"minecraft:leave_game":12,"minecraft:time_since_death":37642,"minecraft:sprint_one_cm":1097514,"minecraft:damage_blocked_by_shield":5405,"minecraft:drop":204,"minecraft:talked_to_villager":94,"minecraft:play_time":588199,"minecraft:deaths":16,"minecraft:jump":10402,"minecraft:walk_on_water_one_cm":98522,"minecraft:interact_with_furnace":34,"minecraft:traded_with_villager":168,"minecraft:sleep_in_bed":26,"minecraft:damage_dealt":25130,"minecraft:player_kills":2,"minecraft:crouch_one_cm":37742,"minecraft:interact_with_smoker":13,"minecraft:inspect_dispenser":1,"minecraft:mob_kills":131,"minecraft:climb_one_cm":10564,"minecraft:walk_one_cm":945535,"minecraft:sneak_time":13762,"minecraft:walk_under_water_one_cm":109852,"minecraft:boat_one_cm":954756,"minecraft:interact_with_blast_furnace":8,"minecraft:total_world_time":588199,"minecraft:time_since_rest":28022,"minecraft:damage_taken":12249,"minecraft:swim_one_cm":213513,"minecraft:fly_one_cm":2100709,"minecraft:open_chest":294,"minecraft:fall_one_cm":228501},"minecraft:picked_up":{"minecraft:iron_chestplate":16,"minecraft:wheat":13,"minecraft:nether_brick_fence":28,"minecraft:suspicious_stew":1,"minecraft:yellow_wool":9,"minecraft:lead":24,"minecraft:diamond_sword":2,"minecraft:oak_stairs":261,"minecraft:potion":3,"minecraft:golden_shovel":1,"minecraft:brewing_stand":4,"minecraft:golden_sword":1,"minecraft:string":19,"minecraft:iron_leggings":12,"minecraft:sticky_piston":9,"minecraft:beetroot":16,"minecraft:cobbled_deepslate":51,"minecraft:gold_nugget":6,"minecraft:smooth_stone":3,"minecraft:iron_pickaxe":14,"minecraft:melon_slice":490,"minecraft:furnace":8,"minecraft:iron_boots":11,"minecraft:stick":394,"minecraft:composter":10,"minecraft:oak_fence":34,"minecraft:torch":461,"minecraft:porkchop":16,"minecraft:golden_chestplate":2,"minecraft:rotten_flesh":179,"minecraft:white_terracotta":94,"minecraft:blaze_rod":18,"minecraft:obsidian":14,"minecraft:cobblestone":254,"minecraft:birch_log":185,"minecraft:leather_chestplate":2,"minecraft:feather":10,"minecraft:cooked_beef":18,"minecraft:water_bucket":15,"minecraft:jungle_log":44,"minecraft:golden_leggings":2,"minecraft:smoker":1,"minecraft:potato":714,"minecraft:flint":7,"minecraft:tuff":1,"minecraft:lapis_lazuli":59,"minecraft:dirt":1104,"minecraft:leather_boots":1,"minecraft:bone":85,"minecraft:stonecutter":1,"minecraft:bow":7,"minecraft:wheat_seeds":96,"minecraft:raw_gold":20,"minecraft:fletching_table":5,"minecraft:bamboo":34,"minecraft:oak_planks":538,"minecraft:mossy_stone_brick_stairs":1,"minecraft:cooked_porkchop":45,"minecraft:poisonous_potato":16,"minecraft:sand":18,"minecraft:jungle_planks":128,"minecraft:ink_sac":1,"minecraft:dark_oak_log":2,"minecraft:mossy_cobblestone":27,"minecraft:dispenser":4,"minecraft:diamond":5,"minecraft:lever":1,"minecraft:bone_meal":42,"minecraft:emerald":54,"minecraft:golden_horse_armor":2,"minecraft:bread":55,"minecraft:oak_sapling":30,"minecraft:netherrack":163,"minecraft:diamond_pickaxe":14,"minecraft:mud":10,"minecraft:crafting_table":8,"minecraft:azure_bluet":4,"minecraft:chicken":19,"minecraft:nether_wart":147,"minecraft:clay_ball":60,"minecraft:golden_pickaxe":6,"minecraft:leather_leggings":1,"minecraft:gold_block":2,"minecraft:diamond_horse_armor":11,"minecraft:shield":19,"minecraft:cornflower":2,"minecraft:oak_trapdoor":3,"minecraft:iron_axe":17,"minecraft:flint_and_steel":13,"minecraft:iron_shovel":1,"minecraft:cartography_table":2,"minecraft:beef":11,"minecraft:oak_boat":6,"minecraft:iron_nugget":34,"minecraft:poppy":7,"minecraft:chest":20,"minecraft:light_gray_wool":1,"minecraft:lectern":31,"minecraft:sugar_cane":1306,"minecraft:birch_sapling":5,"minecraft:diamond_hoe":3,"minecraft:egg":4,"minecraft:raw_iron":58,"minecraft:stone":11,"minecraft:oak_door":9,"minecraft:copper_ingot":1,"minecraft:cookie":52,"minecraft:carrot":675,"minecraft:redstone":121,"minecraft:arrow":89,"minecraft:cooked_cod":6,"minecraft:beetroot_seeds":46,"minecraft:pumpkin_pie":47,"minecraft:golden_hoe":3,"minecraft:hay_block":92,"minecraft:glistering_melon_slice":9,"minecraft:saddle":9,"minecraft:gold_ingot":59,"minecraft:mutton":30,"minecraft:white_wool":56,"minecraft:oxeye_daisy":9,"minecraft:stripped_oak_log":34,"minecraft:jungle_boat":2,"minecraft:tripwire_hook":4,"minecraft:leather":31,"minecraft:birch_planks":14,"minecraft:oak_log":968,"minecraft:yellow_bed":4,"minecraft:gunpowder":4,"minecraft:cobblestone_stairs":1,"minecraft:wooden_hoe":1,"minecraft:paper":7,"minecraft:cooked_mutton":13,"minecraft:coast_armor_trim_smithing_template":4,"minecraft:apple":8,"minecraft:heart_of_the_sea":4,"minecraft:iron_ingot":140,"minecraft:cooked_chicken":8,"minecraft:stripped_oak_wood":1,"minecraft:iron_sword":17,"minecraft:soul_sand":17,"minecraft:book":17,"minecraft:oak_slab":10,"minecraft:chiseled_stone_bricks":1,"minecraft:dandelion":18,"minecraft:gravel":73,"minecraft:white_bed":59,"minecraft:spruce_log":1,"minecraft:spider_eye":5,"minecraft:leather_helmet":1,"minecraft:diamond_shovel":2,"minecraft:stone_axe":2,"minecraft:iron_helmet":13,"minecraft:terracotta":4,"minecraft:baked_potato":260,"minecraft:mangrove_propagule":4,"minecraft:coal":224,"minecraft:ender_pearl":5},"minecraft:killed":{"minecraft:witch":1,"minecraft:spider":7,"minecraft:skeleton":16,"minecraft:chicken":2,"minecraft:wolf":1,"minecraft:pig":2,"minecraft:iron_golem":1,"minecraft:creeper":3,"minecraft:sheep":19,"minecraft:trader_llama":2,"minecraft:zombie":34,"minecraft:cow":3,"minecraft:blaze":17,"minecraft:drowned":9,"minecraft:wandering_trader":1,"minecraft:frog":2,"minecraft:wither_skeleton":6,"minecraft:enderman":1},"minecraft:crafted":{"minecraft:smooth_stone":3,"minecraft:oak_planks":536,"minecraft:stone":17,"minecraft:bookshelf":2,"minecraft:suspicious_stew":7,"minecraft:iron_boots":2,"minecraft:chest":14,"minecraft:oak_slab":12,"minecraft:emerald":125,"minecraft:diamond_axe":1,"minecraft:crafting_table":8,"minecraft:spruce_planks":4,"minecraft:jungle_boat":1,"minecraft:iron_helmet":3,"minecraft:baked_potato":64,"minecraft:fletching_table":3,"minecraft:birch_planks":340,"minecraft:cartography_table":2,"minecraft:lectern":2,"minecraft:wooden_hoe":1,"minecraft:iron_chestplate":2,"minecraft:book":5,"minecraft:paper":1737,"minecraft:shield":3,"minecraft:stick":911,"minecraft:iron_ingot":2,"minecraft:gold_ingot":9,"minecraft:composter":6,"minecraft:shears":1,"minecraft:oak_door":6,"minecraft:cookie":144,"minecraft:blast_furnace":2,"minecraft:yellow_bed":3,"minecraft:bone_meal":72,"minecraft:oak_trapdoor":8,"minecraft:flint_and_steel":1,"minecraft:iron_axe":5,"minecraft:wheat":774,"minecraft:diamond_sword":1,"minecraft:iron_sword":3,"minecraft:bucket":1,"minecraft:enchanted_book":1,"minecraft:air":0,"minecraft:jungle_slab":36,"minecraft:bread":61,"minecraft:jungle_planks":176,"minecraft:oak_boat":1,"minecraft:iron_shovel":3,"minecraft:iron_leggings":2,"minecraft:white_bed":3,"minecraft:pumpkin_pie":108,"minecraft:torch":128,"minecraft:golden_hoe":5},"minecraft:broken":{"minecraft:iron_leggings":1,"minecraft:stone_axe":1,"minecraft:golden_hoe":2,"minecraft:iron_axe":2,"minecraft:iron_helmet":1,"minecraft:golden_pickaxe":1},"minecraft:used":{"minecraft:iron_shovel":401,"minecraft:diamond_hoe":234,"minecraft:chest":26,"minecraft:shield":103,"minecraft:iron_sword":440,"minecraft:rotten_flesh":2,"minecraft:iron_chestplate":4,"minecraft:jungle_planks":88,"minecraft:carrot":15,"minecraft:azure_bluet":1,"minecraft:obsidian":11,"minecraft:lava_bucket":1,"minecraft:iron_helmet":4,"minecraft:bow":1,"minecraft:furnace":5,"minecraft:cooked_cod":5,"minecraft:beetroot_seeds":8,"minecraft:egg":3,"minecraft:potato":86,"minecraft:oak_planks":118,"minecraft:composter":10,"minecraft:diamond_axe":265,"minecraft:sugar_cane":110,"minecraft:jungle_boat":2,"minecraft:cookie":6,"minecraft:golden_hoe":93,"minecraft:shears":18,"minecraft:bread":47,"minecraft:lectern":31,"minecraft:gravel":37,"minecraft:oak_boat":3,"minecraft:bone_meal":31,"minecraft:golden_pickaxe":28,"minecraft:oak_trapdoor":7,"minecraft:flint_and_steel":2,"minecraft:cooked_chicken":1,"minecraft:netherrack":37,"minecraft:oak_door":11,"minecraft:torch":133,"minecraft:dirt":548,"minecraft:iron_axe":864,"minecraft:iron_boots":4,"minecraft:bamboo":1,"minecraft:cooked_beef":7,"minecraft:cobbled_deepslate":156,"minecraft:iron_leggings":3,"minecraft:wheat_seeds":38,"minecraft:cooked_mutton":8,"minecraft:water_bucket":57,"minecraft:birch_planks":2,"minecraft:baked_potato":42,"minecraft:cartography_table":4,"minecraft:fletching_table":6,"minecraft:mossy_cobblestone":1,"minecraft:crafting_table":12,"minecraft:white_bed":51,"minecraft:smoker":1,"minecraft:oak_log":3,"minecraft:wooden_hoe":11,"minecraft:diamond_pickaxe":159,"minecraft:mangrove_propagule":1,"minecraft:iron_pickaxe":230,"minecraft:suspicious_stew":3,"minecraft:stone_axe":73,"minecraft:cobblestone":66,"minecraft:cooked_porkchop":9,"minecraft:bucket":57,"minecraft:pumpkin_pie":51,"minecraft:yellow_bed":6,"minecraft:stripped_oak_log":2,"minecraft:dandelion":2},"minecraft:mined":{"minecraft:white_bed":47,"minecraft:farmland":8,"minecraft:jungle_leaves":1,"minecraft:obsidian":15,"minecraft:granite":1,"minecraft:grass_block":232,"minecraft:jungle_log":44,"minecraft:composter":8,"minecraft:chiseled_stone_bricks":1,"minecraft:iron_ore":17,"minecraft:cobbled_deepslate":18,"minecraft:fire":5,"minecraft:pumpkin":1,"minecraft:fletching_table":5,"minecraft:deepslate_lapis_ore":8,"minecraft:dirt_path":29,"minecraft:oak_stairs":28,"minecraft:deepslate_redstone_ore":22,"minecraft:smoker":1,"minecraft:crimson_nylium":1,"minecraft:soul_fire":11,"minecraft:clay":4,"minecraft:torch":29,"minecraft:melon":22,"minecraft:chest":20,"minecraft:nether_quartz_ore":1,"minecraft:cobblestone":26,"minecraft:oak_planks":33,"minecraft:sugar_cane":853,"minecraft:wall_torch":10,"minecraft:yellow_wool":9,"minecraft:birch_log":135,"minecraft:stripped_oak_wood":1,"minecraft:grass":353,"minecraft:oak_log":578,"minecraft:beetroots":8,"minecraft:sand":25,"minecraft:dirt":71,"minecraft:dispenser":2,"minecraft:stonecutter":1,"minecraft:netherrack":39,"minecraft:deepslate":43,"minecraft:oak_leaves":66,"minecraft:tuff":4,"minecraft:mossy_cobblestone":7,"minecraft:oak_door":3,"minecraft:lever":1,"minecraft:jungle_planks":11,"minecraft:weeping_vines":2,"minecraft:redstone_wire":2,"minecraft:cartography_table":2,"minecraft:mangrove_propagule":1,"minecraft:sandstone":1,"minecraft:hay_block":87,"minecraft:oak_trapdoor":1,"minecraft:furnace":4,"minecraft:carrots":81,"minecraft:gold_block":2,"minecraft:nether_brick_fence":5,"minecraft:mossy_stone_brick_stairs":1,"minecraft:potatoes":134,"minecraft:deepslate_iron_ore":24,"minecraft:vine":7,"minecraft:stripped_oak_log":1,"minecraft:bamboo_sapling":1,"minecraft:bamboo":1,"minecraft:stone":84,"minecraft:white_wool":9,"minecraft:oak_slab":8,"minecraft:soul_sand":1,"minecraft:oak_fence":29,"minecraft:crafting_table":5,"minecraft:lectern":29,"minecraft:tall_grass":129,"minecraft:deepslate_gold_ore":13,"minecraft:spruce_log":1,"minecraft:birch_leaves":3,"minecraft:mangrove_leaves":38,"minecraft:yellow_bed":2,"minecraft:gravel":66,"minecraft:terracotta":2,"minecraft:gold_ore":5,"minecraft:fern":1},"minecraft:killed_by":{"minecraft:wither_skeleton":2,"minecraft:piglin":1,"minecraft:blaze":3,"minecraft:zombie":2,"minecraft:player":2,"minecraft:iron_golem":3,"minecraft:skeleton":2}},"DataVersion":3465}