{"stats":{"minecraft:killed":{"minecraft:spider":7,"minecraft:skeleton":12,"minecraft:chicken":2,"minecraft:pig":2,"minecraft:iron_golem":1,"minecraft:creeper":3,"minecraft:sheep":19,"minecraft:trader_llama":2,"minecraft:zombie":29,"minecraft:cow":3,"minecraft:drowned":8,"minecraft:wandering_trader":1,"minecraft:frog":2},"minecraft:dropped":{"minecraft:porkchop":11,"minecraft:oak_log":320,"minecraft:cookie":80,"minecraft:mossy_stone_brick_stairs":1,"minecraft:jungle_planks":110,"minecraft:leather_helmet":1,"minecraft:dirt":34,"minecraft:dispenser":2,"minecraft:mutton":26,"minecraft:cooked_cod":1,"minecraft:pumpkin_pie":16,"minecraft:gold_nugget":6,"minecraft:birch_log":50,"minecraft:gravel":19,"minecraft:stone_axe":1,"minecraft:iron_nugget":8,"minecraft:cooked_chicken":7,"minecraft:cobbled_deepslate":4,"minecraft:wheat":2,"minecraft:rotten_flesh":5,"minecraft:oak_planks":44,"minecraft:azure_bluet":1,"minecraft:white_bed":1,"minecraft:carrot":243,"minecraft:leather_chestplate":1,"minecraft:chest":2,"minecraft:leather_leggings":1,"minecraft:arrow":28,"minecraft:netherrack":1,"minecraft:enchanted_book":1,"minecraft:iron_ingot":20,"minecraft:bread":56,"minecraft:wheat_seeds":2,"minecraft:poisonous_potato":6,"minecraft:oak_fence":3,"minecraft:cobblestone":10,"minecraft:book":4,"minecraft:coal":108,"minecraft:stick":1,"minecraft:oxeye_daisy":1,"minecraft:torch":48,"minecraft:golden_hoe":2,"minecraft:iron_axe":5,"minecraft:iron_shovel":1,"minecraft:string":1,"minecraft:dandelion":1,"minecraft:furnace":4,"minecraft:bowl":3,"minecraft:diamond_hoe":1,"minecraft:tuff":1,"minecraft:sticky_piston":3,"minecraft:chicken":15,"minecraft:light_gray_wool":1,"minecraft:suspicious_stew":5,"minecraft:blast_furnace":2,"minecraft:potato":223,"minecraft:shield":2,"minecraft:spider_eye":1},"minecraft:killed_by":{"minecraft:player":1},"minecraft:mined":{"minecraft:white_bed":42,"minecraft:farmland":8,"minecraft:jungle_leaves":1,"minecraft:granite":1,"minecraft:grass_block":231,"minecraft:jungle_log":44,"minecraft:composter":8,"minecraft:chiseled_stone_bricks":1,"minecraft:iron_ore":13,"minecraft:cobbled_deepslate":14,"minecraft:pumpkin":1,"minecraft:fletching_table":4,"minecraft:deepslate_lapis_ore":8,"minecraft:dirt_path":22,"minecraft:oak_stairs":28,"minecraft:deepslate_redstone_ore":22,"minecraft:smoker":1,"minecraft:clay":4,"minecraft:torch":4,"minecraft:melon":22,"minecraft:chest":16,"minecraft:cobblestone":16,"minecraft:sugar_cane":644,"minecraft:oak_planks":33,"minecraft:wall_torch":2,"minecraft:yellow_wool":9,"minecraft:birch_log":85,"minecraft:stripped_oak_wood":1,"minecraft:grass":333,"minecraft:oak_log":388,"minecraft:beetroots":8,"minecraft:sand":25,"minecraft:dirt":60,"minecraft:dispenser":2,"minecraft:stonecutter":1,"minecraft:netherrack":1,"minecraft:oak_leaves":53,"minecraft:deepslate":43,"minecraft:tuff":4,"minecraft:mossy_cobblestone":7,"minecraft:oak_door":3,"minecraft:lever":1,"minecraft:jungle_planks":11,"minecraft:redstone_wire":2,"minecraft:mangrove_propagule":1,"minecraft:sandstone":1,"minecraft:hay_block":87,"minecraft:oak_trapdoor":1,"minecraft:furnace":4,"minecraft:carrots":79,"minecraft:gold_block":2,"minecraft:mossy_stone_brick_stairs":1,"minecraft:potatoes":132,"minecraft:deepslate_iron_ore":24,"minecraft:vine":7,"minecraft:stripped_oak_log":1,"minecraft:bamboo_sapling":1,"minecraft:bamboo":1,"minecraft:stone":84,"minecraft:white_wool":9,"minecraft:oak_slab":8,"minecraft:oak_fence":29,"minecraft:crafting_table":5,"minecraft:lectern":28,"minecraft:tall_grass":124,"minecraft:deepslate_gold_ore":13,"minecraft:spruce_log":1,"minecraft:birch_leaves":1,"minecraft:mangrove_leaves":38,"minecraft:yellow_bed":2,"minecraft:gravel":64,"minecraft:terracotta":2,"minecraft:gold_ore":5,"minecraft:fern":1},"minecraft:used":{"minecraft:iron_shovel":391,"minecraft:diamond_hoe":234,"minecraft:chest":25,"minecraft:shield":71,"minecraft:iron_sword":269,"minecraft:rotten_flesh":2,"minecraft:jungle_planks":88,"minecraft:carrot":15,"minecraft:bow":1,"minecraft:furnace":5,"minecraft:cooked_cod":5,"minecraft:beetroot_seeds":8,"minecraft:egg":2,"minecraft:potato":86,"minecraft:oak_planks":114,"minecraft:composter":10,"minecraft:sugar_cane":110,"minecraft:jungle_boat":2,"minecraft:cookie":6,"minecraft:golden_hoe":93,"minecraft:shears":18,"minecraft:bread":47,"minecraft:lectern":30,"minecraft:gravel":37,"minecraft:oak_boat":3,"minecraft:bone_meal":31,"minecraft:oak_trapdoor":7,"minecraft:cooked_chicken":1,"minecraft:oak_door":9,"minecraft:torch":50,"minecraft:dirt":486,"minecraft:iron_axe":846,"minecraft:bamboo":1,"minecraft:cooked_beef":7,"minecraft:cobbled_deepslate":156,"minecraft:wheat_seeds":38,"minecraft:cooked_mutton":8,"minecraft:water_bucket":48,"minecraft:cartography_table":2,"minecraft:fletching_table":5,"minecraft:mossy_cobblestone":1,"minecraft:crafting_table":12,"minecraft:white_bed":43,"minecraft:smoker":1,"minecraft:oak_log":3,"minecraft:wooden_hoe":11,"minecraft:diamond_pickaxe":123,"minecraft:mangrove_propagule":1,"minecraft:iron_pickaxe":203,"minecraft:suspicious_stew":3,"minecraft:stone_axe":73,"minecraft:cobblestone":40,"minecraft:cooked_porkchop":2,"minecraft:bucket":48,"minecraft:yellow_bed":3,"minecraft:pumpkin_pie":40,"minecraft:stripped_oak_log":2},"minecraft:picked_up":{"minecraft:iron_chestplate":2,"minecraft:wheat":12,"minecraft:suspicious_stew":1,"minecraft:yellow_wool":9,"minecraft:lead":4,"minecraft:oak_stairs":261,"minecraft:potion":3,"minecraft:golden_shovel":1,"minecraft:brewing_stand":4,"minecraft:string":19,"minecraft:iron_leggings":2,"minecraft:sticky_piston":9,"minecraft:beetroot":16,"minecraft:cobbled_deepslate":48,"minecraft:gold_nugget":6,"minecraft:smooth_stone":3,"minecraft:iron_pickaxe":6,"minecraft:melon_slice":142,"minecraft:iron_boots":1,"minecraft:furnace":8,"minecraft:stick":116,"minecraft:composter":10,"minecraft:oak_fence":34,"minecraft:torch":138,"minecraft:porkchop":16,"minecraft:rotten_flesh":129,"minecraft:white_terracotta":94,"minecraft:cobblestone":139,"minecraft:birch_log":135,"minecraft:leather_chestplate":2,"minecraft:feather":10,"minecraft:cooked_beef":18,"minecraft:water_bucket":3,"minecraft:jungle_log":44,"minecraft:golden_leggings":2,"minecraft:smoker":1,"minecraft:potato":424,"minecraft:flint":6,"minecraft:tuff":1,"minecraft:lapis_lazuli":59,"minecraft:dirt":811,"minecraft:leather_boots":1,"minecraft:bone":50,"minecraft:stonecutter":1,"minecraft:bow":3,"minecraft:wheat_seeds":93,"minecraft:raw_gold":20,"minecraft:fletching_table":4,"minecraft:bamboo":34,"minecraft:oak_planks":186,"minecraft:mossy_stone_brick_stairs":1,"minecraft:cooked_porkchop":10,"minecraft:poisonous_potato":10,"minecraft:jungle_planks":128,"minecraft:sand":18,"minecraft:dark_oak_log":2,"minecraft:mossy_cobblestone":27,"minecraft:dispenser":4,"minecraft:lever":1,"minecraft:bone_meal":42,"minecraft:emerald":54,"minecraft:bread":55,"minecraft:oak_sapling":10,"minecraft:netherrack":1,"minecraft:diamond_pickaxe":1,"minecraft:mud":10,"minecraft:crafting_table":8,"minecraft:azure_bluet":2,"minecraft:chicken":19,"minecraft:clay_ball":60,"minecraft:leather_leggings":1,"minecraft:gold_block":2,"minecraft:shield":4,"minecraft:cornflower":2,"minecraft:oak_trapdoor":3,"minecraft:iron_axe":5,"minecraft:beef":11,"minecraft:oak_boat":4,"minecraft:iron_nugget":34,"minecraft:poppy":7,"minecraft:chest":16,"minecraft:light_gray_wool":1,"minecraft:lectern":28,"minecraft:sugar_cane":903,"minecraft:birch_sapling":5,"minecraft:diamond_hoe":1,"minecraft:egg":3,"minecraft:raw_iron":54,"minecraft:stone":11,"minecraft:oak_door":9,"minecraft:copper_ingot":1,"minecraft:cookie":15,"minecraft:carrot":316,"minecraft:redstone":121,"minecraft:arrow":81,"minecraft:cooked_cod":6,"minecraft:beetroot_seeds":46,"minecraft:golden_hoe":3,"minecraft:hay_block":92,"minecraft:glistering_melon_slice":9,"minecraft:gold_ingot":56,"minecraft:mutton":28,"minecraft:white_wool":56,"minecraft:oxeye_daisy":6,"minecraft:stripped_oak_log":34,"minecraft:jungle_boat":2,"minecraft:tripwire_hook":4,"minecraft:leather":25,"minecraft:birch_planks":10,"minecraft:oak_log":778,"minecraft:gunpowder":4,"minecraft:yellow_bed":2,"minecraft:cobblestone_stairs":1,"minecraft:wooden_hoe":1,"minecraft:paper":7,"minecraft:cooked_mutton":13,"minecraft:coast_armor_trim_smithing_template":4,"minecraft:apple":2,"minecraft:heart_of_the_sea":4,"minecraft:iron_ingot":51,"minecraft:cooked_chicken":8,"minecraft:stripped_oak_wood":1,"minecraft:iron_sword":2,"minecraft:book":10,"minecraft:oak_slab":10,"minecraft:chiseled_stone_bricks":1,"minecraft:dandelion":12,"minecraft:gravel":72,"minecraft:white_bed":45,"minecraft:spruce_log":1,"minecraft:spider_eye":5,"minecraft:leather_helmet":1,"minecraft:stone_axe":2,"minecraft:iron_helmet":2,"minecraft:terracotta":4,"minecraft:mangrove_propagule":4,"minecraft:coal":203,"minecraft:ender_pearl":1},"minecraft:broken":{"minecraft:stone_axe":1,"minecraft:golden_hoe":2,"minecraft:iron_axe":2,"minecraft:iron_helmet":1},"minecraft:crafted":{"minecraft:oak_planks":536,"minecraft:smooth_stone":3,"minecraft:stone":17,"minecraft:bookshelf":2,"minecraft:suspicious_stew":7,"minecraft:chest":14,"minecraft:oak_slab":12,"minecraft:emerald":109,"minecraft:crafting_table":8,"minecraft:spruce_planks":4,"minecraft:jungle_boat":1,"minecraft:fletching_table":3,"minecraft:birch_planks":316,"minecraft:cartography_table":2,"minecraft:lectern":2,"minecraft:wooden_hoe":1,"minecraft:book":5,"minecraft:paper":1335,"minecraft:shield":3,"minecraft:stick":903,"minecraft:iron_ingot":2,"minecraft:gold_ingot":9,"minecraft:composter":6,"minecraft:shears":1,"minecraft:oak_door":6,"minecraft:cookie":144,"minecraft:blast_furnace":2,"minecraft:yellow_bed":3,"minecraft:bone_meal":72,"minecraft:oak_trapdoor":8,"minecraft:iron_axe":5,"minecraft:wheat":774,"minecraft:iron_sword":2,"minecraft:bucket":1,"minecraft:enchanted_book":1,"minecraft:jungle_slab":36,"minecraft:bread":61,"minecraft:air":0,"minecraft:jungle_planks":176,"minecraft:oak_boat":1,"minecraft:iron_shovel":2,"minecraft:white_bed":3,"minecraft:pumpkin_pie":76,"minecraft:torch":128,"minecraft:golden_hoe":5},"minecraft:custom":{"minecraft:interact_with_crafting_table":72,"minecraft:leave_game":8,"minecraft:time_since_death":453537,"minecraft:sprint_one_cm":796805,"minecraft:damage_blocked_by_shield":4139,"minecraft:drop":102,"minecraft:talked_to_villager":83,"minecraft:play_time":465276,"minecraft:deaths":1,"minecraft:jump":7592,"minecraft:walk_on_water_one_cm":81173,"minecraft:interact_with_furnace":34,"minecraft:traded_with_villager":144,"minecraft:sleep_in_bed":20,"minecraft:damage_dealt":16436,"minecraft:player_kills":1,"minecraft:crouch_one_cm":33262,"minecraft:interact_with_smoker":10,"minecraft:inspect_dispenser":1,"minecraft:mob_kills":92,"minecraft:climb_one_cm":9645,"minecraft:walk_one_cm":714617,"minecraft:sneak_time":12155,"minecraft:walk_under_water_one_cm":102339,"minecraft:boat_one_cm":953384,"minecraft:interact_with_blast_furnace":7,"minecraft:total_world_time":465276,"minecraft:time_since_rest":63311,"minecraft:damage_taken":5149,"minecraft:swim_one_cm":182447,"minecraft:fly_one_cm":1515739,"minecraft:open_chest":221,"minecraft:fall_one_cm":177900}},"DataVersion":3465}