{"stats":{"minecraft:killed":{"minecraft:pig":2,"minecraft:sheep":14,"minecraft:skeleton":2,"minecraft:zombie":6,"minecraft:chicken":2,"minecraft:cow":2},"minecraft:dropped":{"minecraft:iron_ingot":1,"minecraft:furnace":4,"minecraft:stone_axe":1,"minecraft:iron_nugget":8,"minecraft:sticky_piston":3,"minecraft:poisonous_potato":6,"minecraft:cobblestone":6,"minecraft:oak_planks":44,"minecraft:jungle_planks":42,"minecraft:leather_helmet":1,"minecraft:coal":64,"minecraft:leather_chestplate":1,"minecraft:dispenser":2,"minecraft:leather_leggings":1,"minecraft:iron_axe":2,"minecraft:arrow":19,"minecraft:string":1},"minecraft:killed_by":{"minecraft:player":1},"minecraft:mined":{"minecraft:white_bed":4,"minecraft:mossy_cobblestone":6,"minecraft:jungle_leaves":1,"minecraft:crafting_table":1,"minecraft:lever":1,"minecraft:grass_block":1,"minecraft:melon":22,"minecraft:jungle_planks":1,"minecraft:chest":6,"minecraft:jungle_log":44,"minecraft:redstone_wire":2,"minecraft:tall_grass":16,"minecraft:cobblestone":13,"minecraft:sugar_cane":17,"minecraft:mangrove_propagule":1,"minecraft:chiseled_stone_bricks":1,"minecraft:hay_block":17,"minecraft:furnace":2,"minecraft:birch_log":12,"minecraft:birch_leaves":1,"minecraft:mangrove_leaves":38,"minecraft:grass":31,"minecraft:oak_log":15,"minecraft:vine":7,"minecraft:dirt":1,"minecraft:bamboo":1,"minecraft:stone":25,"minecraft:dispenser":2,"minecraft:oak_leaves":8,"minecraft:fern":1},"minecraft:used":{"minecraft:oak_planks":9,"minecraft:chest":4,"minecraft:shield":17,"minecraft:cooked_chicken":1,"minecraft:rotten_flesh":2,"minecraft:golden_hoe":19,"minecraft:dirt":2,"minecraft:crafting_table":3,"minecraft:jungle_planks":7,"minecraft:white_bed":4,"minecraft:bread":6,"minecraft:iron_axe":87,"minecraft:iron_pickaxe":83,"minecraft:stone_axe":73,"minecraft:cobblestone":9,"minecraft:furnace":2,"minecraft:oak_boat":1,"minecraft:cooked_beef":5},"minecraft:picked_up":{"minecraft:birch_log":12,"minecraft:wheat":8,"minecraft:mud":10,"minecraft:crafting_table":3,"minecraft:iron_chestplate":2,"minecraft:leather_chestplate":2,"minecraft:feather":8,"minecraft:cooked_beef":10,"minecraft:chicken":2,"minecraft:tripwire_hook":4,"minecraft:water_bucket":3,"minecraft:jungle_log":44,"minecraft:leather_leggings":1,"minecraft:leather":8,"minecraft:oak_log":23,"minecraft:shield":3,"minecraft:lapis_lazuli":6,"minecraft:string":2,"minecraft:dirt":2,"minecraft:paper":7,"minecraft:iron_axe":4,"minecraft:iron_leggings":1,"minecraft:sticky_piston":6,"minecraft:coast_armor_trim_smithing_template":2,"minecraft:bone":36,"minecraft:wheat_seeds":5,"minecraft:gold_nugget":6,"minecraft:heart_of_the_sea":1,"minecraft:iron_ingot":1,"minecraft:beef":3,"minecraft:cooked_chicken":1,"minecraft:iron_nugget":8,"minecraft:iron_pickaxe":5,"minecraft:bamboo":28,"minecraft:melon_slice":104,"minecraft:sugar_cane":43,"minecraft:chest":6,"minecraft:iron_sword":1,"minecraft:oak_planks":64,"minecraft:iron_boots":1,"minecraft:furnace":6,"minecraft:book":6,"minecraft:stick":36,"minecraft:cooked_porkchop":1,"minecraft:chiseled_stone_bricks":1,"minecraft:poisonous_potato":6,"minecraft:porkchop":5,"minecraft:jungle_planks":43,"minecraft:white_bed":6,"minecraft:carrot":5,"minecraft:redstone":12,"minecraft:mossy_cobblestone":5,"minecraft:leather_helmet":1,"minecraft:dispenser":4,"minecraft:arrow":17,"minecraft:rotten_flesh":48,"minecraft:stone_axe":2,"minecraft:lever":1,"minecraft:hay_block":16,"minecraft:iron_helmet":2,"minecraft:gold_ingot":10,"minecraft:emerald":17,"minecraft:mutton":20,"minecraft:mangrove_propagule":2,"minecraft:coal":110,"minecraft:white_wool":23,"minecraft:cobblestone":40},"minecraft:broken":{"minecraft:stone_axe":1},"minecraft:crafted":{"minecraft:oak_planks":68,"minecraft:crafting_table":2,"minecraft:jungle_planks":176,"minecraft:oak_boat":1,"minecraft:stick":10,"minecraft:golden_hoe":1},"minecraft:custom":{"minecraft:interact_with_furnace":17,"minecraft:mob_kills":28,"minecraft:interact_with_crafting_table":7,"minecraft:leave_game":1,"minecraft:time_since_death":57242,"minecraft:climb_one_cm":8652,"minecraft:sleep_in_bed":4,"minecraft:time_since_rest":2375,"minecraft:sprint_one_cm":120660,"minecraft:damage_taken":953,"minecraft:walk_one_cm":150681,"minecraft:damage_blocked_by_shield":755,"minecraft:drop":20,"minecraft:damage_dealt":3491,"minecraft:swim_one_cm":14109,"minecraft:talked_to_villager":1,"minecraft:fly_one_cm":250573,"minecraft:open_chest":18,"minecraft:crouch_one_cm":2142,"minecraft:play_time":68981,"minecraft:deaths":1,"minecraft:sneak_time":911,"minecraft:walk_under_water_one_cm":11238,"minecraft:boat_one_cm":221803,"minecraft:jump":1387,"minecraft:walk_on_water_one_cm":9419,"minecraft:total_world_time":68981,"minecraft:fall_one_cm":34388}},"DataVersion":3465}