{"stats":{"minecraft:killed":{"minecraft:pig":1,"minecraft:skeleton":2,"minecraft:zombie":4,"minecraft:chicken":1,"minecraft:cow":2},"minecraft:dropped":{"minecraft:stone_axe":1,"minecraft:iron_axe":1},"minecraft:killed_by":{"minecraft:player":1},"minecraft:mined":{"minecraft:mossy_cobblestone":6,"minecraft:jungle_leaves":1,"minecraft:crafting_table":1,"minecraft:lever":1,"minecraft:grass_block":1,"minecraft:melon":1,"minecraft:jungle_planks":1,"minecraft:chest":2,"minecraft:jungle_log":44,"minecraft:redstone_wire":2,"minecraft:tall_grass":15,"minecraft:cobblestone":13,"minecraft:sugar_cane":3,"minecraft:chiseled_stone_bricks":1,"minecraft:birch_log":12,"minecraft:birch_leaves":1,"minecraft:grass":25,"minecraft:oak_log":15,"minecraft:vine":5,"minecraft:dirt":1,"minecraft:dispenser":2,"minecraft:stone":25,"minecraft:oak_leaves":6},"minecraft:used":{"minecraft:chest":2,"minecraft:shield":17,"minecraft:rotten_flesh":2,"minecraft:dirt":2,"minecraft:crafting_table":1,"minecraft:jungle_planks":7,"minecraft:iron_axe":21,"minecraft:iron_pickaxe":81,"minecraft:stone_axe":73,"minecraft:cobblestone":9,"minecraft:cooked_beef":5},"minecraft:picked_up":{"minecraft:birch_log":12,"minecraft:iron_chestplate":2,"minecraft:crafting_table":3,"minecraft:feather":8,"minecraft:cooked_beef":10,"minecraft:chicken":1,"minecraft:tripwire_hook":2,"minecraft:water_bucket":2,"minecraft:jungle_log":44,"minecraft:leather":4,"minecraft:oak_log":23,"minecraft:shield":3,"minecraft:dirt":2,"minecraft:string":1,"minecraft:iron_axe":3,"minecraft:sticky_piston":3,"minecraft:bone":18,"minecraft:wheat_seeds":5,"minecraft:iron_ingot":1,"minecraft:beef":3,"minecraft:cooked_chicken":1,"minecraft:iron_pickaxe":5,"minecraft:bamboo":3,"minecraft:melon_slice":3,"minecraft:sugar_cane":12,"minecraft:chest":2,"minecraft:iron_sword":1,"minecraft:oak_planks":64,"minecraft:furnace":2,"minecraft:stick":34,"minecraft:cooked_porkchop":1,"minecraft:chiseled_stone_bricks":1,"minecraft:jungle_planks":1,"minecraft:porkchop":1,"minecraft:redstone":12,"minecraft:mossy_cobblestone":5,"minecraft:arrow":17,"minecraft:dispenser":2,"minecraft:rotten_flesh":25,"minecraft:stone_axe":2,"minecraft:lever":1,"minecraft:iron_helmet":2,"minecraft:gold_ingot":5,"minecraft:coal":88,"minecraft:white_wool":9,"minecraft:cobblestone":40},"minecraft:broken":{"minecraft:stone_axe":1},"minecraft:crafted":{"minecraft:oak_planks":68,"minecraft:crafting_table":1,"minecraft:jungle_planks":176,"minecraft:stick":8},"minecraft:custom":{"minecraft:interact_with_furnace":12,"minecraft:mob_kills":10,"minecraft:interact_with_crafting_table":3,"minecraft:time_since_death":21875,"minecraft:climb_one_cm":6097,"minecraft:time_since_rest":21905,"minecraft:sprint_one_cm":61017,"minecraft:damage_taken":825,"minecraft:walk_one_cm":80509,"minecraft:damage_blocked_by_shield":755,"minecraft:drop":2,"minecraft:damage_dealt":1822,"minecraft:swim_one_cm":3251,"minecraft:fly_one_cm":124166,"minecraft:open_chest":5,"minecraft:crouch_one_cm":1008,"minecraft:play_time":33614,"minecraft:deaths":1,"minecraft:sneak_time":504,"minecraft:walk_under_water_one_cm":1739,"minecraft:jump":747,"minecraft:walk_on_water_one_cm":1962,"minecraft:total_world_time":33614,"minecraft:fall_one_cm":20396}},"DataVersion":3465}