{"stats":{"minecraft:killed":{"minecraft:skeleton":1,"minecraft:zombie":1,"minecraft:pig":1,"minecraft:chicken":1},"minecraft:dropped":{"minecraft:stone_axe":1,"minecraft:iron_axe":1},"minecraft:killed_by":{"minecraft:player":1},"minecraft:mined":{"minecraft:mossy_cobblestone":6,"minecraft:birch_log":12,"minecraft:crafting_table":1,"minecraft:lever":1,"minecraft:jungle_log":44,"minecraft:grass":16,"minecraft:grass_block":1,"minecraft:oak_log":15,"minecraft:chest":2,"minecraft:vine":4,"minecraft:redstone_wire":2,"minecraft:dirt":1,"minecraft:tall_grass":15,"minecraft:cobblestone":13,"minecraft:dispenser":2,"minecraft:stone":25,"minecraft:sugar_cane":3,"minecraft:oak_leaves":4,"minecraft:chiseled_stone_bricks":1},"minecraft:used":{"minecraft:iron_axe":21,"minecraft:iron_pickaxe":50,"minecraft:shield":7,"minecraft:rotten_flesh":2,"minecraft:stone_axe":73,"minecraft:dirt":2,"minecraft:cobblestone":9,"minecraft:crafting_table":1,"minecraft:cooked_beef":2},"minecraft:picked_up":{"minecraft:birch_log":12,"minecraft:stick":3,"minecraft:crafting_table":2,"minecraft:feather":2,"minecraft:cooked_beef":2,"minecraft:chicken":1,"minecraft:jungle_log":44,"minecraft:chiseled_stone_bricks":1,"minecraft:porkchop":1,"minecraft:oak_log":23,"minecraft:shield":2,"minecraft:redstone":2,"minecraft:string":1,"minecraft:dirt":2,"minecraft:mossy_cobblestone":5,"minecraft:iron_axe":2,"minecraft:dispenser":2,"minecraft:bone":9,"minecraft:arrow":10,"minecraft:rotten_flesh":21,"minecraft:stone_axe":2,"minecraft:wheat_seeds":1,"minecraft:lever":1,"minecraft:gold_ingot":5,"minecraft:iron_pickaxe":2,"minecraft:bamboo":3,"minecraft:chest":2,"minecraft:sugar_cane":3,"minecraft:cobblestone":38},"minecraft:broken":{"minecraft:stone_axe":1},"minecraft:crafted":{"minecraft:oak_planks":24,"minecraft:crafting_table":1,"minecraft:stick":8},"minecraft:custom":{"minecraft:time_since_rest":9905,"minecraft:sprint_one_cm":42108,"minecraft:damage_taken":595,"minecraft:walk_one_cm":47741,"minecraft:damage_blocked_by_shield":80,"minecraft:mob_kills":4,"minecraft:drop":2,"minecraft:damage_dealt":779,"minecraft:interact_with_crafting_table":3,"minecraft:fly_one_cm":101616,"minecraft:open_chest":3,"minecraft:crouch_one_cm":902,"minecraft:play_time":21614,"minecraft:deaths":1,"minecraft:sneak_time":291,"minecraft:walk_under_water_one_cm":1269,"minecraft:jump":493,"minecraft:walk_on_water_one_cm":527,"minecraft:time_since_death":9875,"minecraft:climb_one_cm":1445,"minecraft:total_world_time":21614,"minecraft:fall_one_cm":13129}},"DataVersion":3465}