{"stats":{"minecraft:dropped":{"minecraft:iron_sword":1,"minecraft:porkchop":11,"minecraft:diamond_axe":3,"minecraft:oak_log":320,"minecraft:baked_potato":86,"minecraft:golden_pickaxe":1,"minecraft:ender_pearl":1,"minecraft:diamond":2,"minecraft:cookie":109,"minecraft:leather":4,"minecraft:jungle_planks":110,"minecraft:mossy_stone_brick_stairs":1,"minecraft:saddle":2,"minecraft:leather_helmet":1,"minecraft:emerald":143,"minecraft:dirt":118,"minecraft:dispenser":2,"minecraft:mutton":26,"minecraft:cooked_cod":1,"minecraft:gold_nugget":6,"minecraft:pumpkin_pie":51,"minecraft:birch_log":50,"minecraft:bone":2,"minecraft:gravel":19,"minecraft:stone_axe":1,"minecraft:cooked_chicken":7,"minecraft:iron_nugget":8,"minecraft:golden_chestplate":1,"minecraft:cobbled_deepslate":7,"minecraft:wheat":2,"minecraft:rotten_flesh":37,"minecraft:oak_planks":108,"minecraft:diamond_shovel":2,"minecraft:nether_brick_fence":21,"minecraft:azure_bluet":1,"minecraft:white_bed":4,"minecraft:carrot":596,"minecraft:leather_chestplate":1,"minecraft:chest":2,"minecraft:leather_leggings":1,"minecraft:arrow":30,"minecraft:netherrack":1,"minecraft:lectern":3,"minecraft:egg":1,"minecraft:enchanted_book":3,"minecraft:iron_ingot":35,"minecraft:bread":56,"minecraft:wheat_seeds":125,"minecraft:poisonous_potato":10,"minecraft:book":16,"minecraft:oak_fence":3,"minecraft:iron_helmet":3,"minecraft:cobblestone":43,"minecraft:lead":5,"minecraft:granite":1,"minecraft:coal":158,"minecraft:stick":16,"minecraft:oxeye_daisy":3,"minecraft:diamond_horse_armor":4,"minecraft:diorite":2,"minecraft:ink_sac":1,"minecraft:torch":49,"minecraft:melon_slice":115,"minecraft:iron_leggings":2,"minecraft:golden_hoe":2,"minecraft:iron_axe":7,"minecraft:iron_shovel":2,"minecraft:string":1,"minecraft:dandelion":3,"minecraft:furnace":4,"minecraft:nether_wart":41,"minecraft:blaze_rod":13,"minecraft:bowl":3,"minecraft:sticky_piston":3,"minecraft:tuff":1,"minecraft:diamond_hoe":3,"minecraft:chicken":15,"minecraft:light_gray_wool":1,"minecraft:iron_boots":3,"minecraft:suspicious_stew":5,"minecraft:flint_and_steel":1,"minecraft:blast_furnace":2,"minecraft:diamond_sword":2,"minecraft:cobblestone_slab":2,"minecraft:potato":426,"minecraft:shield":4,"minecraft:allium":1,"minecraft:diamond_pickaxe":6,"minecraft:iron_chestplate":4,"minecraft:oak_sapling":2,"minecraft:oak_boat":1,"minecraft:spider_eye":1},"minecraft:custom":{"minecraft:animals_bred":11,"minecraft:interact_with_crafting_table":88,"minecraft:leave_game":21,"minecraft:time_since_death":70427,"minecraft:sprint_one_cm":1466991,"minecraft:damage_blocked_by_shield":6818,"minecraft:drop":252,"minecraft:talked_to_villager":285,"minecraft:play_time":758590,"minecraft:deaths":26,"minecraft:jump":13069,"minecraft:walk_on_water_one_cm":117464,"minecraft:interact_with_furnace":34,"minecraft:traded_with_villager":363,"minecraft:sleep_in_bed":38,"minecraft:damage_dealt":29939,"minecraft:player_kills":2,"minecraft:crouch_one_cm":47616,"minecraft:interact_with_smoker":53,"minecraft:inspect_dispenser":1,"minecraft:interact_with_anvil":1,"minecraft:mob_kills":151,"minecraft:climb_one_cm":12287,"minecraft:walk_one_cm":1461963,"minecraft:sneak_time":16994,"minecraft:walk_under_water_one_cm":126029,"minecraft:boat_one_cm":954756,"minecraft:interact_with_blast_furnace":22,"minecraft:total_world_time":758590,"minecraft:time_since_rest":12184,"minecraft:damage_taken":16204,"minecraft:swim_one_cm":228509,"minecraft:fly_one_cm":2585593,"minecraft:open_chest":409,"minecraft:fall_one_cm":279717},"minecraft:picked_up":{"minecraft:iron_chestplate":24,"minecraft:wheat":229,"minecraft:nether_brick_fence":28,"minecraft:suspicious_stew":1,"minecraft:yellow_wool":9,"minecraft:lead":31,"minecraft:diamond_sword":12,"minecraft:oak_stairs":261,"minecraft:enchanted_book":2,"minecraft:potion":3,"minecraft:golden_shovel":1,"minecraft:brewing_stand":5,"minecraft:golden_sword":1,"minecraft:string":20,"minecraft:raw_copper":44,"minecraft:iron_leggings":19,"minecraft:sticky_piston":9,"minecraft:beetroot":16,"minecraft:cobbled_deepslate":99,"minecraft:gold_nugget":6,"minecraft:smooth_stone":3,"minecraft:cobblestone_slab":2,"minecraft:iron_pickaxe":14,"minecraft:melon_slice":490,"minecraft:furnace":8,"minecraft:iron_boots":19,"minecraft:stick":444,"minecraft:composter":10,"minecraft:oak_fence":34,"minecraft:torch":492,"minecraft:porkchop":16,"minecraft:cherry_log":1,"minecraft:diorite":111,"minecraft:golden_chestplate":2,"minecraft:rotten_flesh":194,"minecraft:white_terracotta":94,"minecraft:blaze_rod":18,"minecraft:obsidian":14,"minecraft:cobblestone":1096,"minecraft:birch_log":386,"minecraft:pink_petals":1,"minecraft:leather_chestplate":2,"minecraft:cooked_beef":24,"minecraft:feather":12,"minecraft:lilac":3,"minecraft:water_bucket":22,"minecraft:jungle_log":44,"minecraft:golden_leggings":2,"minecraft:smoker":2,"minecraft:potato":1810,"minecraft:flint":13,"minecraft:tuff":1,"minecraft:lapis_lazuli":65,"minecraft:dirt":1438,"minecraft:leather_boots":1,"minecraft:bone":87,"minecraft:bow":7,"minecraft:stonecutter":1,"minecraft:wheat_seeds":749,"minecraft:raw_gold":25,"minecraft:fletching_table":6,"minecraft:bamboo":34,"minecraft:oak_planks":579,"minecraft:mossy_stone_brick_stairs":1,"minecraft:cooked_porkchop":45,"minecraft:poisonous_potato":21,"minecraft:sand":18,"minecraft:jungle_planks":128,"minecraft:ink_sac":1,"minecraft:dark_oak_log":2,"minecraft:mossy_cobblestone":45,"minecraft:dispenser":4,"minecraft:diamond":5,"minecraft:lever":1,"minecraft:granite":2,"minecraft:bone_meal":42,"minecraft:emerald":98,"minecraft:golden_horse_armor":2,"minecraft:bread":55,"minecraft:oak_sapling":75,"minecraft:netherrack":209,"minecraft:diamond_pickaxe":23,"minecraft:mud":10,"minecraft:crafting_table":8,"minecraft:ladder":10,"minecraft:allium":1,"minecraft:azure_bluet":4,"minecraft:chicken":21,"minecraft:nether_wart":147,"minecraft:clay_ball":60,"minecraft:golden_pickaxe":6,"minecraft:leather_leggings":1,"minecraft:gold_block":2,"minecraft:diamond_horse_armor":11,"minecraft:shield":27,"minecraft:cornflower":2,"minecraft:oak_trapdoor":13,"minecraft:iron_axe":18,"minecraft:flint_and_steel":16,"minecraft:iron_shovel":1,"minecraft:cartography_table":2,"minecraft:beef":19,"minecraft:oak_boat":6,"minecraft:iron_nugget":34,"minecraft:poppy":23,"minecraft:light_gray_wool":1,"minecraft:chest":20,"minecraft:lectern":135,"minecraft:sugar_cane":2230,"minecraft:birch_sapling":5,"minecraft:diamond_hoe":3,"minecraft:egg":6,"minecraft:raw_iron":67,"minecraft:stone":11,"minecraft:oak_door":10,"minecraft:copper_ingot":1,"minecraft:cookie":60,"minecraft:carrot":1652,"minecraft:redstone":121,"minecraft:arrow":89,"minecraft:cooked_cod":6,"minecraft:beetroot_seeds":46,"minecraft:pumpkin_pie":47,"minecraft:golden_hoe":3,"minecraft:hay_block":92,"minecraft:glistering_melon_slice":9,"minecraft:saddle":9,"minecraft:gold_ingot":59,"minecraft:mutton":30,"minecraft:white_wool":56,"minecraft:oxeye_daisy":9,"minecraft:stripped_oak_log":34,"minecraft:jungle_boat":2,"minecraft:tripwire_hook":4,"minecraft:leather":34,"minecraft:birch_planks":144,"minecraft:oak_log":1674,"minecraft:cobblestone_wall":2,"minecraft:yellow_bed":5,"minecraft:gunpowder":5,"minecraft:cobblestone_stairs":28,"minecraft:wooden_hoe":1,"minecraft:paper":7,"minecraft:cooked_mutton":13,"minecraft:coast_armor_trim_smithing_template":4,"minecraft:apple":20,"minecraft:heart_of_the_sea":4,"minecraft:iron_ingot":235,"minecraft:cooked_chicken":8,"minecraft:stripped_oak_wood":1,"minecraft:iron_sword":17,"minecraft:soul_sand":17,"minecraft:book":35,"minecraft:oak_slab":10,"minecraft:chiseled_stone_bricks":1,"minecraft:dandelion":18,"minecraft:dripstone_block":1,"minecraft:gravel":123,"minecraft:blast_furnace":6,"minecraft:white_bed":61,"minecraft:spruce_log":1,"minecraft:spider_eye":6,"minecraft:leather_helmet":1,"minecraft:diamond_shovel":7,"minecraft:stone_axe":2,"minecraft:iron_helmet":21,"minecraft:diamond_axe":11,"minecraft:terracotta":4,"minecraft:baked_potato":286,"minecraft:mangrove_propagule":4,"minecraft:coal":323,"minecraft:ender_pearl":5},"minecraft:killed":{"minecraft:witch":1,"minecraft:spider":8,"minecraft:skeleton":17,"minecraft:chicken":4,"minecraft:wolf":3,"minecraft:pig":2,"minecraft:zombie_villager":1,"minecraft:iron_golem":3,"minecraft:creeper":3,"minecraft:sheep":19,"minecraft:trader_llama":2,"minecraft:zombie":38,"minecraft:cow":7,"minecraft:blaze":17,"minecraft:drowned":11,"minecraft:wandering_trader":1,"minecraft:frog":2,"minecraft:wither_skeleton":6,"minecraft:villager":1,"minecraft:enderman":1},"minecraft:crafted":{"minecraft:smooth_stone":3,"minecraft:oak_planks":2724,"minecraft:cobblestone_stairs":124,"minecraft:stone":17,"minecraft:diamond_shovel":1,"minecraft:bookshelf":2,"minecraft:suspicious_stew":7,"minecraft:iron_boots":2,"minecraft:chest":14,"minecraft:smoker":9,"minecraft:oak_slab":12,"minecraft:emerald":318,"minecraft:diamond_axe":1,"minecraft:crafting_table":9,"minecraft:spruce_planks":4,"minecraft:jungle_boat":1,"minecraft:iron_helmet":3,"minecraft:baked_potato":264,"minecraft:fletching_table":6,"minecraft:birch_planks":672,"minecraft:cartography_table":2,"minecraft:lectern":2,"minecraft:wooden_hoe":1,"minecraft:iron_chestplate":2,"minecraft:book":5,"minecraft:paper":2646,"minecraft:shield":3,"minecraft:stick":6090,"minecraft:iron_ingot":2,"minecraft:gold_ingot":9,"minecraft:composter":6,"minecraft:shears":1,"minecraft:cherry_planks":76,"minecraft:oak_door":6,"minecraft:cookie":144,"minecraft:furnace":8,"minecraft:blast_furnace":2,"minecraft:yellow_bed":3,"minecraft:bone_meal":72,"minecraft:oak_trapdoor":8,"minecraft:flint_and_steel":1,"minecraft:polished_diorite":92,"minecraft:iron_axe":5,"minecraft:wheat":774,"minecraft:cooked_beef":4,"minecraft:diamond_sword":1,"minecraft:iron_sword":3,"minecraft:bucket":1,"minecraft:enchanted_book":3,"minecraft:air":0,"minecraft:jungle_slab":36,"minecraft:bread":61,"minecraft:jungle_planks":176,"minecraft:oak_boat":1,"minecraft:iron_shovel":3,"minecraft:iron_leggings":2,"minecraft:white_bed":3,"minecraft:pumpkin_pie":108,"minecraft:torch":188,"minecraft:golden_hoe":5},"minecraft:broken":{"minecraft:iron_leggings":1,"minecraft:stone_axe":1,"minecraft:golden_hoe":2,"minecraft:shield":1,"minecraft:iron_axe":2,"minecraft:iron_helmet":1,"minecraft:golden_pickaxe":1},"minecraft:used":{"minecraft:iron_shovel":401,"minecraft:poppy":2,"minecraft:diamond_hoe":234,"minecraft:chest":26,"minecraft:shield":128,"minecraft:iron_sword":440,"minecraft:rotten_flesh":3,"minecraft:iron_chestplate":6,"minecraft:jungle_planks":88,"minecraft:carrot":123,"minecraft:azure_bluet":1,"minecraft:obsidian":11,"minecraft:lava_bucket":1,"minecraft:iron_helmet":6,"minecraft:bow":1,"minecraft:furnace":5,"minecraft:cooked_cod":5,"minecraft:beetroot_seeds":8,"minecraft:egg":3,"minecraft:potato":213,"minecraft:diorite":5,"minecraft:oak_planks":122,"minecraft:composter":10,"minecraft:sugar_cane":110,"minecraft:diamond_axe":802,"minecraft:jungle_boat":2,"minecraft:cookie":6,"minecraft:golden_hoe":93,"minecraft:blast_furnace":6,"minecraft:dripstone_block":1,"minecraft:shears":18,"minecraft:bread":47,"minecraft:lectern":132,"minecraft:gravel":94,"minecraft:diamond_sword":67,"minecraft:oak_boat":3,"minecraft:bone_meal":31,"minecraft:golden_pickaxe":28,"minecraft:oak_trapdoor":7,"minecraft:flint_and_steel":2,"minecraft:cooked_chicken":1,"minecraft:netherrack":39,"minecraft:oak_door":11,"minecraft:torch":137,"minecraft:dirt":679,"minecraft:iron_axe":864,"minecraft:iron_boots":5,"minecraft:bamboo":1,"minecraft:beef":8,"minecraft:cooked_beef":11,"minecraft:cobbled_deepslate":156,"minecraft:cherry_log":1,"minecraft:iron_leggings":5,"minecraft:wheat_seeds":125,"minecraft:cooked_mutton":8,"minecraft:water_bucket":57,"minecraft:cobblestone_stairs":85,"minecraft:birch_planks":17,"minecraft:baked_potato":67,"minecraft:cartography_table":4,"minecraft:fletching_table":9,"minecraft:mossy_cobblestone":1,"minecraft:crafting_table":13,"minecraft:white_bed":54,"minecraft:smoker":11,"minecraft:oak_log":3,"minecraft:wooden_hoe":11,"minecraft:diamond_pickaxe":1284,"minecraft:diamond_shovel":170,"minecraft:mangrove_propagule":1,"minecraft:iron_pickaxe":230,"minecraft:suspicious_stew":3,"minecraft:stone_axe":73,"minecraft:cobblestone":123,"minecraft:cooked_porkchop":9,"minecraft:bucket":57,"minecraft:pumpkin_pie":51,"minecraft:yellow_bed":7,"minecraft:stripped_oak_log":2,"minecraft:dandelion":2},"minecraft:mined":{"minecraft:white_bed":49,"minecraft:farmland":8,"minecraft:cherry_log":1,"minecraft:cobblestone_stairs":27,"minecraft:jungle_leaves":1,"minecraft:brewing_stand":1,"minecraft:obsidian":15,"minecraft:granite":3,"minecraft:grass_block":255,"minecraft:jungle_log":44,"minecraft:composter":8,"minecraft:chiseled_stone_bricks":1,"minecraft:tall_seagrass":1,"minecraft:iron_ore":28,"minecraft:cobbled_deepslate":22,"minecraft:fire":5,"minecraft:pumpkin":1,"minecraft:deepslate_lapis_ore":8,"minecraft:fletching_table":6,"minecraft:dirt_path":29,"minecraft:oak_stairs":28,"minecraft:deepslate_redstone_ore":22,"minecraft:smoker":2,"minecraft:crimson_nylium":1,"minecraft:soul_fire":11,"minecraft:clay":4,"minecraft:torch":30,"minecraft:blast_furnace":6,"minecraft:melon":22,"minecraft:chest":20,"minecraft:white_stained_glass_pane":10,"minecraft:nether_quartz_ore":1,"minecraft:cobblestone":250,"minecraft:oak_planks":35,"minecraft:sugar_cane":1343,"minecraft:wall_torch":11,"minecraft:pink_petals":1,"minecraft:yellow_wool":9,"minecraft:birch_log":224,"minecraft:wheat":194,"minecraft:lilac":1,"minecraft:stripped_oak_wood":1,"minecraft:yellow_stained_glass_pane":10,"minecraft:grass":368,"minecraft:oak_log":858,"minecraft:beetroots":8,"minecraft:sand":25,"minecraft:dirt":167,"minecraft:dispenser":2,"minecraft:stonecutter":1,"minecraft:netherrack":39,"minecraft:deepslate":43,"minecraft:oak_leaves":97,"minecraft:tuff":4,"minecraft:mossy_cobblestone":25,"minecraft:oak_door":4,"minecraft:lever":1,"minecraft:allium":1,"minecraft:jungle_planks":11,"minecraft:weeping_vines":2,"minecraft:redstone_wire":2,"minecraft:cartography_table":2,"minecraft:mangrove_propagule":1,"minecraft:sandstone":1,"minecraft:hay_block":87,"minecraft:oak_trapdoor":3,"minecraft:furnace":4,"minecraft:carrots":292,"minecraft:gold_block":2,"minecraft:nether_brick_fence":5,"minecraft:mossy_stone_brick_stairs":1,"minecraft:potatoes":366,"minecraft:cobblestone_slab":2,"minecraft:deepslate_iron_ore":24,"minecraft:vine":7,"minecraft:stripped_oak_log":1,"minecraft:bamboo_sapling":1,"minecraft:bamboo":1,"minecraft:stone":684,"minecraft:white_wool":9,"minecraft:oak_slab":8,"minecraft:soul_sand":1,"minecraft:oak_fence":29,"minecraft:crafting_table":5,"minecraft:lectern":129,"minecraft:copper_ore":13,"minecraft:tall_grass":149,"minecraft:lapis_ore":1,"minecraft:deepslate_gold_ore":13,"minecraft:diorite":111,"minecraft:birch_planks":11,"minecraft:cobblestone_wall":2,"minecraft:spruce_log":1,"minecraft:birch_leaves":6,"minecraft:mangrove_leaves":38,"minecraft:yellow_bed":3,"minecraft:coal_ore":75,"minecraft:gravel":122,"minecraft:dripstone_block":1,"minecraft:terracotta":2,"minecraft:gold_ore":5,"minecraft:fern":1},"minecraft:killed_by":{"minecraft:wither_skeleton":2,"minecraft:piglin":1,"minecraft:blaze":3,"minecraft:zombie":2,"minecraft:player":3,"minecraft:iron_golem":12,"minecraft:skeleton":2}},"DataVersion":3465}