{"stats":{"minecraft:killed":{"minecraft:skeleton":2,"minecraft:chicken":2,"minecraft:drowned":2,"minecraft:pig":2,"minecraft:frog":2,"minecraft:sheep":19,"minecraft:zombie":6,"minecraft:cow":3},"minecraft:dropped":{"minecraft:bread":28,"minecraft:iron_ingot":1,"minecraft:wheat_seeds":1,"minecraft:poisonous_potato":6,"minecraft:cobblestone":6,"minecraft:jungle_planks":103,"minecraft:coal":64,"minecraft:leather_helmet":1,"minecraft:stick":1,"minecraft:dispenser":2,"minecraft:cooked_cod":1,"minecraft:gold_nugget":6,"minecraft:golden_hoe":1,"minecraft:iron_axe":3,"minecraft:string":1,"minecraft:furnace":4,"minecraft:stone_axe":1,"minecraft:iron_nugget":8,"minecraft:sticky_piston":3,"minecraft:chicken":8,"minecraft:light_gray_wool":1,"minecraft:oak_planks":44,"minecraft:white_bed":1,"minecraft:leather_chestplate":1,"minecraft:chest":2,"minecraft:leather_leggings":1,"minecraft:arrow":19},"minecraft:killed_by":{"minecraft:player":1},"minecraft:mined":{"minecraft:white_bed":7,"minecraft:mossy_cobblestone":6,"minecraft:jungle_leaves":1,"minecraft:lever":1,"minecraft:grass_block":1,"minecraft:jungle_planks":1,"minecraft:jungle_log":44,"minecraft:redstone_wire":2,"minecraft:mangrove_propagule":1,"minecraft:sandstone":1,"minecraft:chiseled_stone_bricks":1,"minecraft:hay_block":17,"minecraft:furnace":2,"minecraft:pumpkin":1,"minecraft:vine":7,"minecraft:bamboo":1,"minecraft:stone":25,"minecraft:crafting_table":2,"minecraft:melon":22,"minecraft:chest":6,"minecraft:tall_grass":27,"minecraft:cobblestone":13,"minecraft:sugar_cane":27,"minecraft:birch_log":12,"minecraft:birch_leaves":1,"minecraft:mangrove_leaves":38,"minecraft:grass":45,"minecraft:oak_log":15,"minecraft:sand":11,"minecraft:dirt":1,"minecraft:dispenser":2,"minecraft:oak_leaves":8,"minecraft:fern":1},"minecraft:used":{"minecraft:chest":4,"minecraft:shield":20,"minecraft:cooked_chicken":1,"minecraft:rotten_flesh":2,"minecraft:dirt":2,"minecraft:jungle_planks":21,"minecraft:iron_axe":124,"minecraft:furnace":2,"minecraft:cooked_cod":5,"minecraft:cooked_beef":5,"minecraft:water_bucket":6,"minecraft:oak_planks":37,"minecraft:golden_hoe":19,"minecraft:crafting_table":5,"minecraft:white_bed":7,"minecraft:bread":10,"minecraft:iron_pickaxe":87,"minecraft:stone_axe":73,"minecraft:cobblestone":9,"minecraft:bucket":6,"minecraft:oak_boat":1},"minecraft:picked_up":{"minecraft:mud":10,"minecraft:iron_chestplate":2,"minecraft:crafting_table":4,"minecraft:wheat":8,"minecraft:chicken":17,"minecraft:leather_leggings":1,"minecraft:potion":1,"minecraft:shield":3,"minecraft:string":2,"minecraft:iron_axe":5,"minecraft:iron_leggings":1,"minecraft:sticky_piston":6,"minecraft:gold_nugget":6,"minecraft:beef":11,"minecraft:chest":6,"minecraft:iron_nugget":8,"minecraft:sugar_cane":64,"minecraft:iron_pickaxe":5,"minecraft:light_gray_wool":1,"minecraft:melon_slice":104,"minecraft:iron_boots":1,"minecraft:furnace":6,"minecraft:stick":36,"minecraft:porkchop":16,"minecraft:redstone":12,"minecraft:carrot":5,"minecraft:rotten_flesh":48,"minecraft:arrow":17,"minecraft:cooked_cod":6,"minecraft:hay_block":17,"minecraft:gold_ingot":18,"minecraft:mutton":26,"minecraft:white_wool":27,"minecraft:cobblestone":40,"minecraft:birch_log":12,"minecraft:leather_chestplate":2,"minecraft:feather":8,"minecraft:cooked_beef":10,"minecraft:tripwire_hook":4,"minecraft:water_bucket":3,"minecraft:jungle_log":44,"minecraft:leather":8,"minecraft:oak_log":23,"minecraft:lapis_lazuli":6,"minecraft:dirt":2,"minecraft:paper":7,"minecraft:bone":36,"minecraft:coast_armor_trim_smithing_template":2,"minecraft:wheat_seeds":6,"minecraft:heart_of_the_sea":2,"minecraft:iron_ingot":1,"minecraft:cooked_chicken":1,"minecraft:bamboo":28,"minecraft:oak_planks":64,"minecraft:iron_sword":1,"minecraft:book":6,"minecraft:cooked_porkchop":1,"minecraft:chiseled_stone_bricks":1,"minecraft:poisonous_potato":6,"minecraft:jungle_planks":71,"minecraft:white_bed":9,"minecraft:dark_oak_log":2,"minecraft:leather_helmet":1,"minecraft:mossy_cobblestone":5,"minecraft:dispenser":4,"minecraft:stone_axe":2,"minecraft:lever":1,"minecraft:iron_helmet":2,"minecraft:emerald":26,"minecraft:coal":110,"minecraft:mangrove_propagule":2},"minecraft:broken":{"minecraft:stone_axe":1},"minecraft:crafted":{"minecraft:oak_planks":68,"minecraft:wheat":153,"minecraft:crafting_table":4,"minecraft:bread":56,"minecraft:jungle_planks":176,"minecraft:oak_boat":1,"minecraft:stick":11,"minecraft:golden_hoe":1},"minecraft:custom":{"minecraft:mob_kills":38,"minecraft:interact_with_crafting_table":9,"minecraft:leave_game":1,"minecraft:time_since_death":93242,"minecraft:climb_one_cm":9445,"minecraft:sprint_one_cm":185875,"minecraft:walk_one_cm":185523,"minecraft:damage_blocked_by_shield":995,"minecraft:drop":34,"minecraft:talked_to_villager":1,"minecraft:play_time":104981,"minecraft:sneak_time":2065,"minecraft:deaths":1,"minecraft:walk_under_water_one_cm":46495,"minecraft:boat_one_cm":581682,"minecraft:jump":2089,"minecraft:walk_on_water_one_cm":27317,"minecraft:total_world_time":104981,"minecraft:interact_with_furnace":17,"minecraft:sleep_in_bed":8,"minecraft:time_since_rest":17286,"minecraft:damage_taken":1325,"minecraft:damage_dealt":4593,"minecraft:swim_one_cm":69736,"minecraft:fly_one_cm":414845,"minecraft:open_chest":19,"minecraft:crouch_one_cm":3268,"minecraft:fall_one_cm":52929,"minecraft:inspect_dispenser":1}},"DataVersion":3465}