{"stats":{"minecraft:killed":{"minecraft:pig":2,"minecraft:sheep":18,"minecraft:skeleton":2,"minecraft:zombie":6,"minecraft:chicken":2,"minecraft:drowned":2,"minecraft:cow":3},"minecraft:dropped":{"minecraft:iron_ingot":1,"minecraft:furnace":4,"minecraft:stone_axe":1,"minecraft:wheat_seeds":1,"minecraft:iron_nugget":8,"minecraft:sticky_piston":3,"minecraft:poisonous_potato":6,"minecraft:cobblestone":6,"minecraft:light_gray_wool":1,"minecraft:oak_planks":44,"minecraft:jungle_planks":43,"minecraft:leather_helmet":1,"minecraft:coal":64,"minecraft:leather_chestplate":1,"minecraft:dispenser":2,"minecraft:chest":2,"minecraft:leather_leggings":1,"minecraft:golden_hoe":1,"minecraft:gold_nugget":6,"minecraft:iron_axe":3,"minecraft:arrow":19,"minecraft:string":1},"minecraft:killed_by":{"minecraft:player":1},"minecraft:mined":{"minecraft:white_bed":7,"minecraft:mossy_cobblestone":6,"minecraft:jungle_leaves":1,"minecraft:crafting_table":1,"minecraft:lever":1,"minecraft:grass_block":1,"minecraft:melon":22,"minecraft:jungle_planks":1,"minecraft:chest":6,"minecraft:jungle_log":44,"minecraft:redstone_wire":2,"minecraft:tall_grass":27,"minecraft:cobblestone":13,"minecraft:sugar_cane":27,"minecraft:mangrove_propagule":1,"minecraft:chiseled_stone_bricks":1,"minecraft:hay_block":17,"minecraft:furnace":2,"minecraft:birch_log":12,"minecraft:birch_leaves":1,"minecraft:pumpkin":1,"minecraft:mangrove_leaves":38,"minecraft:grass":44,"minecraft:oak_log":15,"minecraft:vine":7,"minecraft:dirt":1,"minecraft:bamboo":1,"minecraft:stone":25,"minecraft:dispenser":2,"minecraft:oak_leaves":8,"minecraft:fern":1},"minecraft:used":{"minecraft:oak_planks":31,"minecraft:chest":4,"minecraft:shield":17,"minecraft:cooked_chicken":1,"minecraft:rotten_flesh":2,"minecraft:golden_hoe":19,"minecraft:dirt":2,"minecraft:crafting_table":3,"minecraft:jungle_planks":17,"minecraft:white_bed":7,"minecraft:bread":9,"minecraft:iron_axe":118,"minecraft:iron_pickaxe":83,"minecraft:stone_axe":73,"minecraft:cobblestone":9,"minecraft:furnace":2,"minecraft:oak_boat":1,"minecraft:cooked_beef":5},"minecraft:picked_up":{"minecraft:birch_log":12,"minecraft:wheat":8,"minecraft:mud":10,"minecraft:crafting_table":3,"minecraft:iron_chestplate":2,"minecraft:leather_chestplate":2,"minecraft:feather":8,"minecraft:cooked_beef":10,"minecraft:chicken":9,"minecraft:tripwire_hook":4,"minecraft:water_bucket":3,"minecraft:jungle_log":44,"minecraft:leather_leggings":1,"minecraft:leather":8,"minecraft:potion":1,"minecraft:oak_log":23,"minecraft:shield":3,"minecraft:lapis_lazuli":6,"minecraft:string":2,"minecraft:dirt":2,"minecraft:paper":7,"minecraft:iron_axe":5,"minecraft:iron_leggings":1,"minecraft:sticky_piston":6,"minecraft:coast_armor_trim_smithing_template":2,"minecraft:bone":36,"minecraft:wheat_seeds":6,"minecraft:gold_nugget":6,"minecraft:heart_of_the_sea":1,"minecraft:iron_ingot":1,"minecraft:beef":11,"minecraft:cooked_chicken":1,"minecraft:light_gray_wool":1,"minecraft:iron_nugget":8,"minecraft:iron_pickaxe":5,"minecraft:bamboo":28,"minecraft:melon_slice":104,"minecraft:sugar_cane":64,"minecraft:chest":6,"minecraft:iron_sword":1,"minecraft:oak_planks":64,"minecraft:iron_boots":1,"minecraft:furnace":6,"minecraft:book":6,"minecraft:stick":36,"minecraft:cooked_porkchop":1,"minecraft:chiseled_stone_bricks":1,"minecraft:poisonous_potato":6,"minecraft:porkchop":16,"minecraft:jungle_planks":43,"minecraft:white_bed":9,"minecraft:carrot":5,"minecraft:redstone":12,"minecraft:mossy_cobblestone":5,"minecraft:leather_helmet":1,"minecraft:dispenser":4,"minecraft:arrow":17,"minecraft:rotten_flesh":48,"minecraft:stone_axe":2,"minecraft:lever":1,"minecraft:hay_block":17,"minecraft:iron_helmet":2,"minecraft:gold_ingot":10,"minecraft:emerald":17,"minecraft:mutton":24,"minecraft:mangrove_propagule":2,"minecraft:coal":110,"minecraft:white_wool":26,"minecraft:cobblestone":40},"minecraft:broken":{"minecraft:stone_axe":1},"minecraft:crafted":{"minecraft:oak_planks":68,"minecraft:crafting_table":2,"minecraft:jungle_planks":176,"minecraft:oak_boat":1,"minecraft:stick":10,"minecraft:golden_hoe":1},"minecraft:custom":{"minecraft:interact_with_furnace":17,"minecraft:mob_kills":35,"minecraft:interact_with_crafting_table":7,"minecraft:leave_game":1,"minecraft:time_since_death":81242,"minecraft:climb_one_cm":8652,"minecraft:sleep_in_bed":8,"minecraft:time_since_rest":5286,"minecraft:sprint_one_cm":156523,"minecraft:damage_taken":1040,"minecraft:walk_one_cm":161823,"minecraft:damage_blocked_by_shield":755,"minecraft:drop":27,"minecraft:damage_dealt":4313,"minecraft:swim_one_cm":61672,"minecraft:talked_to_villager":1,"minecraft:fly_one_cm":366251,"minecraft:open_chest":19,"minecraft:crouch_one_cm":2938,"minecraft:play_time":92981,"minecraft:deaths":1,"minecraft:sneak_time":1545,"minecraft:walk_under_water_one_cm":32949,"minecraft:boat_one_cm":527301,"minecraft:jump":1802,"minecraft:walk_on_water_one_cm":20251,"minecraft:total_world_time":92981,"minecraft:fall_one_cm":44408}},"DataVersion":3465}