{"stats":{"minecraft:killed":{"minecraft:spider":4,"minecraft:skeleton":4,"minecraft:chicken":2,"minecraft:drowned":5,"minecraft:pig":2,"minecraft:frog":2,"minecraft:creeper":2,"minecraft:sheep":19,"minecraft:zombie":18,"minecraft:cow":3},"minecraft:dropped":{"minecraft:iron_ingot":20,"minecraft:bread":56,"minecraft:porkchop":11,"minecraft:wheat_seeds":1,"minecraft:oak_log":320,"minecraft:poisonous_potato":6,"minecraft:cookie":80,"minecraft:cobblestone":10,"minecraft:jungle_planks":110,"minecraft:mossy_stone_brick_stairs":1,"minecraft:leather_helmet":1,"minecraft:coal":64,"minecraft:stick":1,"minecraft:dirt":29,"minecraft:dispenser":2,"minecraft:torch":48,"minecraft:mutton":26,"minecraft:cooked_cod":1,"minecraft:gold_nugget":6,"minecraft:pumpkin_pie":16,"minecraft:golden_hoe":2,"minecraft:iron_axe":4,"minecraft:string":1,"minecraft:birch_log":50,"minecraft:gravel":16,"minecraft:furnace":4,"minecraft:stone_axe":1,"minecraft:iron_nugget":8,"minecraft:cooked_chicken":7,"minecraft:bowl":3,"minecraft:sticky_piston":3,"minecraft:wheat":2,"minecraft:chicken":15,"minecraft:light_gray_wool":1,"minecraft:oak_planks":44,"minecraft:white_bed":1,"minecraft:suspicious_stew":5,"minecraft:leather_chestplate":1,"minecraft:chest":2,"minecraft:leather_leggings":1,"minecraft:spider_eye":1,"minecraft:arrow":19,"minecraft:netherrack":1},"minecraft:killed_by":{"minecraft:player":1},"minecraft:mined":{"minecraft:white_bed":11,"minecraft:farmland":8,"minecraft:mossy_cobblestone":7,"minecraft:jungle_leaves":1,"minecraft:lever":1,"minecraft:grass_block":35,"minecraft:jungle_planks":11,"minecraft:jungle_log":44,"minecraft:redstone_wire":2,"minecraft:sandstone":1,"minecraft:composter":2,"minecraft:mangrove_propagule":1,"minecraft:chiseled_stone_bricks":1,"minecraft:hay_block":87,"minecraft:furnace":2,"minecraft:iron_ore":7,"minecraft:pumpkin":1,"minecraft:fletching_table":4,"minecraft:gold_block":2,"minecraft:mossy_stone_brick_stairs":1,"minecraft:vine":7,"minecraft:oak_stairs":28,"minecraft:stripped_oak_log":1,"minecraft:bamboo":1,"minecraft:stone":61,"minecraft:clay":4,"minecraft:crafting_table":4,"minecraft:melon":22,"minecraft:chest":7,"minecraft:tall_grass":60,"minecraft:cobblestone":15,"minecraft:oak_planks":16,"minecraft:sugar_cane":127,"minecraft:birch_log":85,"minecraft:spruce_log":1,"minecraft:birch_leaves":1,"minecraft:mangrove_leaves":38,"minecraft:grass":80,"minecraft:oak_log":388,"minecraft:beetroots":8,"minecraft:sand":12,"minecraft:gravel":61,"minecraft:dirt":38,"minecraft:terracotta":2,"minecraft:stonecutter":1,"minecraft:dispenser":2,"minecraft:netherrack":1,"minecraft:oak_leaves":53,"minecraft:fern":1},"minecraft:used":{"minecraft:iron_shovel":128,"minecraft:chest":17,"minecraft:shield":54,"minecraft:iron_sword":74,"minecraft:cooked_chicken":1,"minecraft:rotten_flesh":2,"minecraft:torch":18,"minecraft:dirt":63,"minecraft:jungle_planks":88,"minecraft:iron_axe":720,"minecraft:furnace":4,"minecraft:cooked_cod":5,"minecraft:beetroot_seeds":8,"minecraft:egg":1,"minecraft:cooked_beef":7,"minecraft:cooked_mutton":8,"minecraft:water_bucket":29,"minecraft:oak_planks":54,"minecraft:composter":4,"minecraft:fletching_table":5,"minecraft:sugar_cane":110,"minecraft:jungle_boat":2,"minecraft:cookie":5,"minecraft:mossy_cobblestone":1,"minecraft:golden_hoe":93,"minecraft:crafting_table":11,"minecraft:white_bed":13,"minecraft:oak_log":3,"minecraft:wooden_hoe":11,"minecraft:bread":47,"minecraft:iron_pickaxe":156,"minecraft:suspicious_stew":3,"minecraft:gravel":37,"minecraft:stone_axe":73,"minecraft:cobblestone":36,"minecraft:bucket":28,"minecraft:pumpkin_pie":2,"minecraft:oak_boat":3,"minecraft:stripped_oak_log":2,"minecraft:bone_meal":31},"minecraft:picked_up":{"minecraft:iron_chestplate":2,"minecraft:mud":10,"minecraft:crafting_table":7,"minecraft:wheat":12,"minecraft:chicken":18,"minecraft:clay_ball":16,"minecraft:suspicious_stew":1,"minecraft:leather_leggings":1,"minecraft:oak_stairs":36,"minecraft:gold_block":2,"minecraft:potion":2,"minecraft:golden_shovel":1,"minecraft:brewing_stand":2,"minecraft:shield":3,"minecraft:cornflower":1,"minecraft:string":10,"minecraft:iron_axe":5,"minecraft:iron_leggings":2,"minecraft:sticky_piston":6,"minecraft:beetroot":8,"minecraft:gold_nugget":6,"minecraft:beef":11,"minecraft:oak_boat":3,"minecraft:iron_nugget":8,"minecraft:iron_pickaxe":6,"minecraft:light_gray_wool":1,"minecraft:melon_slice":117,"minecraft:sugar_cane":206,"minecraft:chest":7,"minecraft:birch_sapling":5,"minecraft:furnace":6,"minecraft:iron_boots":1,"minecraft:egg":1,"minecraft:stick":73,"minecraft:raw_iron":19,"minecraft:composter":2,"minecraft:torch":50,"minecraft:porkchop":16,"minecraft:carrot":17,"minecraft:redstone":12,"minecraft:arrow":40,"minecraft:rotten_flesh":106,"minecraft:cooked_cod":6,"minecraft:beetroot_seeds":27,"minecraft:golden_hoe":2,"minecraft:hay_block":92,"minecraft:gold_ingot":29,"minecraft:mutton":26,"minecraft:white_wool":27,"minecraft:cobblestone":78,"minecraft:oxeye_daisy":2,"minecraft:stripped_oak_log":3,"minecraft:birch_log":135,"minecraft:leather_chestplate":2,"minecraft:jungle_boat":2,"minecraft:feather":9,"minecraft:cooked_beef":18,"minecraft:tripwire_hook":4,"minecraft:water_bucket":3,"minecraft:jungle_log":44,"minecraft:leather":12,"minecraft:golden_leggings":1,"minecraft:flint":6,"minecraft:oak_log":714,"minecraft:gunpowder":2,"minecraft:lapis_lazuli":6,"minecraft:dirt":125,"minecraft:paper":7,"minecraft:cooked_mutton":13,"minecraft:coast_armor_trim_smithing_template":2,"minecraft:bone":38,"minecraft:apple":1,"minecraft:stonecutter":1,"minecraft:wheat_seeds":12,"minecraft:heart_of_the_sea":2,"minecraft:iron_ingot":38,"minecraft:cooked_chicken":8,"minecraft:fletching_table":4,"minecraft:bamboo":33,"minecraft:iron_sword":1,"minecraft:oak_planks":101,"minecraft:mossy_stone_brick_stairs":1,"minecraft:book":6,"minecraft:cooked_porkchop":1,"minecraft:chiseled_stone_bricks":1,"minecraft:dandelion":5,"minecraft:poisonous_potato":6,"minecraft:gravel":69,"minecraft:sand":1,"minecraft:jungle_planks":123,"minecraft:white_bed":15,"minecraft:spruce_log":1,"minecraft:dark_oak_log":2,"minecraft:spider_eye":2,"minecraft:mossy_cobblestone":6,"minecraft:leather_helmet":1,"minecraft:dispenser":4,"minecraft:stone_axe":2,"minecraft:lever":1,"minecraft:iron_helmet":2,"minecraft:emerald":26,"minecraft:bread":55,"minecraft:terracotta":2,"minecraft:oak_sapling":10,"minecraft:netherrack":1,"minecraft:mangrove_propagule":2,"minecraft:coal":110},"minecraft:broken":{"minecraft:golden_hoe":2,"minecraft:iron_axe":2,"minecraft:stone_axe":1},"minecraft:crafted":{"minecraft:cookie":144,"minecraft:oak_planks":336,"minecraft:bone_meal":72,"minecraft:bookshelf":2,"minecraft:suspicious_stew":7,"minecraft:iron_axe":4,"minecraft:chest":13,"minecraft:wheat":774,"minecraft:oak_slab":12,"minecraft:emerald":54,"minecraft:crafting_table":8,"minecraft:spruce_planks":4,"minecraft:jungle_boat":1,"minecraft:iron_sword":1,"minecraft:fletching_table":3,"minecraft:birch_planks":316,"minecraft:air":0,"minecraft:jungle_slab":36,"minecraft:bread":61,"minecraft:jungle_planks":176,"minecraft:oak_boat":1,"minecraft:lectern":2,"minecraft:wooden_hoe":1,"minecraft:stick":903,"minecraft:iron_shovel":1,"minecraft:gold_ingot":9,"minecraft:pumpkin_pie":32,"minecraft:composter":5,"minecraft:torch":128,"minecraft:golden_hoe":5},"minecraft:custom":{"minecraft:mob_kills":61,"minecraft:interact_with_crafting_table":42,"minecraft:leave_game":7,"minecraft:time_since_death":233031,"minecraft:climb_one_cm":9445,"minecraft:sprint_one_cm":530062,"minecraft:walk_one_cm":428775,"minecraft:damage_blocked_by_shield":2180,"minecraft:drop":72,"minecraft:talked_to_villager":34,"minecraft:play_time":244770,"minecraft:sneak_time":4173,"minecraft:deaths":1,"minecraft:walk_under_water_one_cm":77919,"minecraft:boat_one_cm":953384,"minecraft:jump":5290,"minecraft:walk_on_water_one_cm":50188,"minecraft:total_world_time":244770,"minecraft:interact_with_furnace":19,"minecraft:traded_with_villager":77,"minecraft:sleep_in_bed":15,"minecraft:time_since_rest":3093,"minecraft:damage_taken":3450,"minecraft:damage_dealt":10468,"minecraft:swim_one_cm":117733,"minecraft:fly_one_cm":1085767,"minecraft:open_chest":89,"minecraft:crouch_one_cm":7184,"minecraft:interact_with_smoker":1,"minecraft:fall_one_cm":134739,"minecraft:inspect_dispenser":1}},"DataVersion":3465}