{"stats":{"minecraft:killed":{"minecraft:spider":1,"minecraft:skeleton":7,"minecraft:chicken":6,"minecraft:pig":3,"minecraft:creeper":1,"minecraft:sheep":9,"minecraft:zombie":7,"minecraft:cow":5},"minecraft:dropped":{"minecraft:water_bucket":3,"minecraft:porkchop":1,"minecraft:wheat_seeds":50,"minecraft:lapis_lazuli":6,"minecraft:cooked_beef":5,"minecraft:oak_log":6,"minecraft:mossy_cobblestone":9,"minecraft:feather":8,"minecraft:mangrove_propagule":2,"minecraft:leather":4,"minecraft:jungle_planks":42,"minecraft:emerald":9,"minecraft:diorite":1,"minecraft:dispenser":2,"minecraft:iron_axe":1,"minecraft:mud":10,"minecraft:iron_pickaxe":2,"minecraft:string":2,"minecraft:tripwire_hook":2,"minecraft:gold_ingot":5,"minecraft:bone":18,"minecraft:furnace":2,"minecraft:stone_axe":1,"minecraft:lever":1,"minecraft:mangrove_roots":2,"minecraft:sticky_piston":3,"minecraft:chicken":1,"minecraft:rotten_flesh":23,"minecraft:iron_boots":1,"minecraft:shield":2,"minecraft:gunpowder":1,"minecraft:andesite":1,"minecraft:bamboo":14,"minecraft:wooden_pickaxe":1},"minecraft:killed_by":{"minecraft:creeper":1,"minecraft:zombie":1},"minecraft:mined":{"minecraft:mossy_cobblestone":9,"minecraft:jungle_leaves":1,"minecraft:mangrove_roots":2,"minecraft:grass_block":2,"minecraft:redstone_wire":10,"minecraft:mangrove_propagule":3,"minecraft:tall_seagrass":3,"minecraft:furnace":10,"minecraft:iron_ore":52,"minecraft:sticky_piston":3,"minecraft:andesite":1,"minecraft:bamboo":1,"minecraft:stone":65,"minecraft:tripwire":2,"minecraft:crafting_table":5,"minecraft:melon":3,"minecraft:dead_bush":2,"minecraft:cobblestone":17,"minecraft:tall_grass":18,"minecraft:sugar_cane":3,"minecraft:diorite":1,"minecraft:seagrass":2,"minecraft:mud":16,"minecraft:birch_log":1,"minecraft:mangrove_leaves":14,"minecraft:grass":199,"minecraft:coal_ore":97,"minecraft:oak_log":26,"minecraft:dirt":7,"minecraft:tripwire_hook":1,"minecraft:oak_leaves":6,"minecraft:fern":3},"minecraft:used":{"minecraft:shield":23,"minecraft:iron_sword":81,"minecraft:rotten_flesh":2,"minecraft:cooked_chicken":4,"minecraft:dirt":41,"minecraft:iron_axe":9,"minecraft:furnace":12,"minecraft:cooked_beef":3,"minecraft:iron_leggings":1,"minecraft:cooked_mutton":8,"minecraft:water_bucket":12,"minecraft:stone_pickaxe":131,"minecraft:wooden_pickaxe":6,"minecraft:mossy_cobblestone":5,"minecraft:crafting_table":7,"minecraft:spider_eye":1,"minecraft:oak_log":2,"minecraft:mud":6,"minecraft:apple":1,"minecraft:mangrove_propagule":1,"minecraft:melon_slice":4,"minecraft:iron_pickaxe":123,"minecraft:stone_axe":50,"minecraft:chiseled_stone_bricks":1,"minecraft:cobblestone":38,"minecraft:cooked_porkchop":3,"minecraft:bucket":14,"minecraft:oak_boat":2},"minecraft:picked_up":{"minecraft:mud":16,"minecraft:crafting_table":5,"minecraft:chicken":5,"minecraft:shield":1,"minecraft:string":3,"minecraft:iron_axe":1,"minecraft:sticky_piston":6,"minecraft:beef":11,"minecraft:oak_boat":1,"minecraft:iron_pickaxe":1,"minecraft:melon_slice":16,"minecraft:sugar_cane":9,"minecraft:furnace":11,"minecraft:raw_iron":52,"minecraft:stick":15,"minecraft:porkchop":4,"minecraft:diorite":1,"minecraft:redstone":10,"minecraft:arrow":24,"minecraft:rotten_flesh":4,"minecraft:mangrove_roots":2,"minecraft:mutton":12,"minecraft:white_wool":9,"minecraft:cobblestone":78,"minecraft:birch_log":1,"minecraft:feather":6,"minecraft:tripwire_hook":2,"minecraft:water_bucket":1,"minecraft:andesite":1,"minecraft:leather":4,"minecraft:oak_log":30,"minecraft:gunpowder":1,"minecraft:dirt":60,"minecraft:bone":9,"minecraft:apple":1,"minecraft:bow":1,"minecraft:wheat_seeds":55,"minecraft:cooked_chicken":1,"minecraft:bamboo":11,"minecraft:oak_planks":60,"minecraft:poisonous_potato":3,"minecraft:jungle_planks":42,"minecraft:leather_helmet":1,"minecraft:spider_eye":1,"minecraft:mossy_cobblestone":9,"minecraft:oak_sapling":17,"minecraft:coal":118,"minecraft:mangrove_propagule":3},"minecraft:broken":{"minecraft:stone_pickaxe":1},"minecraft:crafted":{"minecraft:oak_planks":88,"minecraft:cooked_chicken":4,"minecraft:furnace":4,"minecraft:cooked_mutton":8,"minecraft:iron_boots":2,"minecraft:iron_axe":1,"minecraft:stone_pickaxe":1,"minecraft:cooked_beef":10,"minecraft:cooked_porkchop":4,"minecraft:crafting_table":3,"minecraft:wooden_pickaxe":1,"minecraft:iron_helmet":2,"minecraft:iron_sword":1,"minecraft:bucket":2,"minecraft:birch_planks":4,"minecraft:stone_axe":1,"minecraft:air":0,"minecraft:oak_boat":1,"minecraft:iron_chestplate":2,"minecraft:shield":2,"minecraft:stick":40,"minecraft:iron_pickaxe":4,"minecraft:iron_ingot":52,"minecraft:iron_leggings":1},"minecraft:custom":{"minecraft:mob_kills":39,"minecraft:interact_with_crafting_table":27,"minecraft:leave_game":4,"minecraft:time_since_death":14361,"minecraft:climb_one_cm":10263,"minecraft:sprint_one_cm":192595,"minecraft:walk_one_cm":122901,"minecraft:damage_blocked_by_shield":1440,"minecraft:drop":43,"minecraft:play_time":78295,"minecraft:deaths":2,"minecraft:sneak_time":4209,"minecraft:walk_under_water_one_cm":3032,"minecraft:boat_one_cm":17370,"minecraft:jump":2087,"minecraft:walk_on_water_one_cm":5335,"minecraft:total_world_time":78295,"minecraft:interact_with_furnace":71,"minecraft:time_since_rest":14391,"minecraft:damage_taken":1861,"minecraft:damage_dealt":5041,"minecraft:swim_one_cm":22539,"minecraft:fly_one_cm":351313,"minecraft:player_kills":1,"minecraft:open_chest":9,"minecraft:crouch_one_cm":11576,"minecraft:fall_one_cm":61103}},"DataVersion":3465}