{"stats":{"minecraft:killed":{"minecraft:spider":1,"minecraft:skeleton":7,"minecraft:chicken":12,"minecraft:pig":9,"minecraft:iron_golem":1,"minecraft:creeper":1,"minecraft:sheep":10,"minecraft:zombie":7,"minecraft:cow":8},"minecraft:dropped":{"minecraft:water_bucket":3,"minecraft:porkchop":1,"minecraft:wheat_seeds":52,"minecraft:lapis_lazuli":6,"minecraft:cooked_beef":5,"minecraft:oak_log":6,"minecraft:mossy_cobblestone":9,"minecraft:poisonous_potato":3,"minecraft:feather":9,"minecraft:mangrove_propagule":2,"minecraft:leather":4,"minecraft:jungle_planks":42,"minecraft:emerald":17,"minecraft:diorite":1,"minecraft:torch":2,"minecraft:dispenser":2,"minecraft:iron_leggings":1,"minecraft:gold_nugget":6,"minecraft:golden_hoe":1,"minecraft:heart_of_the_sea":1,"minecraft:sand":6,"minecraft:iron_axe":1,"minecraft:mud":10,"minecraft:iron_pickaxe":2,"minecraft:string":2,"minecraft:tripwire_hook":2,"minecraft:bucket":1,"minecraft:gold_ingot":5,"minecraft:bone":18,"minecraft:furnace":2,"minecraft:stone_axe":1,"minecraft:lever":1,"minecraft:mangrove_roots":2,"minecraft:iron_nugget":16,"minecraft:sticky_piston":3,"minecraft:chicken":1,"minecraft:rotten_flesh":23,"minecraft:iron_boots":1,"minecraft:filled_map":1,"minecraft:shield":2,"minecraft:gunpowder":1,"minecraft:andesite":1,"minecraft:bamboo":14,"minecraft:wooden_pickaxe":1},"minecraft:killed_by":{"minecraft:creeper":1,"minecraft:zombie":1},"minecraft:mined":{"minecraft:white_bed":4,"minecraft:mossy_cobblestone":9,"minecraft:jungle_leaves":1,"minecraft:mangrove_roots":2,"minecraft:brewing_stand":2,"minecraft:grass_block":2,"minecraft:redstone_wire":10,"minecraft:mangrove_propagule":3,"minecraft:tall_seagrass":4,"minecraft:furnace":10,"minecraft:iron_ore":52,"minecraft:sticky_piston":3,"minecraft:andesite":1,"minecraft:bamboo":1,"minecraft:stone":65,"minecraft:tripwire":2,"minecraft:crafting_table":8,"minecraft:melon":3,"minecraft:dead_bush":2,"minecraft:cobblestone":17,"minecraft:tall_grass":18,"minecraft:oak_planks":3,"minecraft:sugar_cane":3,"minecraft:diorite":1,"minecraft:seagrass":3,"minecraft:mud":16,"minecraft:birch_log":1,"minecraft:mangrove_leaves":14,"minecraft:grass":287,"minecraft:coal_ore":97,"minecraft:oak_log":26,"minecraft:sand":10,"minecraft:dirt":7,"minecraft:tripwire_hook":1,"minecraft:oak_leaves":9,"minecraft:fern":3},"minecraft:used":{"minecraft:iron_shovel":10,"minecraft:shield":23,"minecraft:iron_sword":164,"minecraft:cooked_salmon":2,"minecraft:rotten_flesh":2,"minecraft:cooked_chicken":4,"minecraft:dirt":41,"minecraft:iron_axe":14,"minecraft:furnace":12,"minecraft:cooked_beef":3,"minecraft:iron_leggings":1,"minecraft:cooked_mutton":8,"minecraft:water_bucket":23,"minecraft:stone_pickaxe":131,"minecraft:oak_planks":7,"minecraft:wooden_pickaxe":6,"minecraft:mossy_cobblestone":5,"minecraft:sand":4,"minecraft:crafting_table":8,"minecraft:spider_eye":1,"minecraft:white_bed":4,"minecraft:oak_log":2,"minecraft:mud":6,"minecraft:apple":1,"minecraft:bread":2,"minecraft:mangrove_propagule":1,"minecraft:melon_slice":6,"minecraft:suspicious_stew":1,"minecraft:iron_pickaxe":125,"minecraft:stone_axe":50,"minecraft:chiseled_stone_bricks":1,"minecraft:cobblestone":38,"minecraft:cooked_porkchop":4,"minecraft:bucket":25,"minecraft:oak_boat":7},"minecraft:picked_up":{"minecraft:mud":16,"minecraft:crafting_table":8,"minecraft:chicken":12,"minecraft:leather_leggings":1,"minecraft:brewing_stand":2,"minecraft:shield":1,"minecraft:string":3,"minecraft:iron_axe":1,"minecraft:sticky_piston":6,"minecraft:beef":18,"minecraft:oak_boat":6,"minecraft:iron_nugget":8,"minecraft:iron_pickaxe":1,"minecraft:melon_slice":16,"minecraft:sugar_cane":9,"minecraft:furnace":11,"minecraft:raw_iron":52,"minecraft:stick":15,"minecraft:porkchop":15,"minecraft:diorite":1,"minecraft:redstone":10,"minecraft:arrow":24,"minecraft:rotten_flesh":4,"minecraft:golden_hoe":1,"minecraft:hay_block":1,"minecraft:mangrove_roots":2,"minecraft:mutton":12,"minecraft:white_wool":9,"minecraft:cobblestone":78,"minecraft:birch_log":1,"minecraft:feather":7,"minecraft:tripwire_hook":2,"minecraft:water_bucket":1,"minecraft:andesite":1,"minecraft:leather":8,"minecraft:oak_log":30,"minecraft:gunpowder":1,"minecraft:dirt":60,"minecraft:bone":9,"minecraft:apple":1,"minecraft:bow":1,"minecraft:wheat_seeds":57,"minecraft:iron_ingot":6,"minecraft:cooked_chicken":1,"minecraft:bamboo":11,"minecraft:oak_planks":63,"minecraft:poisonous_potato":3,"minecraft:sand":10,"minecraft:jungle_planks":42,"minecraft:white_bed":2,"minecraft:leather_helmet":1,"minecraft:spider_eye":1,"minecraft:mossy_cobblestone":9,"minecraft:dispenser":2,"minecraft:oak_sapling":17,"minecraft:coal":182,"minecraft:mangrove_propagule":3},"minecraft:broken":{"minecraft:stone_pickaxe":1},"minecraft:crafted":{"minecraft:oak_planks":88,"minecraft:cooked_chicken":5,"minecraft:furnace":4,"minecraft:cooked_mutton":8,"minecraft:iron_boots":2,"minecraft:iron_axe":2,"minecraft:stone_pickaxe":1,"minecraft:cooked_beef":10,"minecraft:cooked_porkchop":8,"minecraft:crafting_table":3,"minecraft:wooden_pickaxe":1,"minecraft:iron_helmet":2,"minecraft:iron_sword":1,"minecraft:bucket":2,"minecraft:birch_planks":4,"minecraft:stone_axe":1,"minecraft:air":0,"minecraft:oak_boat":1,"minecraft:iron_chestplate":2,"minecraft:shield":2,"minecraft:stick":44,"minecraft:iron_pickaxe":4,"minecraft:iron_ingot":52,"minecraft:iron_shovel":1,"minecraft:iron_leggings":2,"minecraft:white_bed":3,"minecraft:golden_hoe":2},"minecraft:custom":{"minecraft:mob_kills":56,"minecraft:interact_with_crafting_table":36,"minecraft:bell_ring":10,"minecraft:leave_game":4,"minecraft:time_since_death":50361,"minecraft:climb_one_cm":10263,"minecraft:sprint_one_cm":280162,"minecraft:walk_one_cm":168273,"minecraft:damage_blocked_by_shield":1440,"minecraft:drop":58,"minecraft:talked_to_villager":2,"minecraft:play_time":114295,"minecraft:deaths":2,"minecraft:sneak_time":4598,"minecraft:walk_under_water_one_cm":10599,"minecraft:boat_one_cm":334291,"minecraft:jump":2892,"minecraft:walk_on_water_one_cm":12046,"minecraft:total_world_time":114295,"minecraft:interact_with_furnace":75,"minecraft:interact_with_cartography_table":1,"minecraft:sleep_in_bed":4,"minecraft:time_since_rest":14375,"minecraft:damage_taken":1992,"minecraft:damage_dealt":7310,"minecraft:swim_one_cm":40690,"minecraft:fly_one_cm":558157,"minecraft:player_kills":1,"minecraft:open_chest":29,"minecraft:crouch_one_cm":11698,"minecraft:fall_one_cm":79171}},"DataVersion":3465}