{"stats":{"minecraft:dropped":{"minecraft:wooden_pickaxe":1,"minecraft:string":1},"minecraft:mined":{"minecraft:crafting_table":3,"minecraft:grass_block":2,"minecraft:tall_grass":16,"minecraft:cobblestone":8,"minecraft:sugar_cane":3,"minecraft:diorite":1,"minecraft:furnace":4,"minecraft:iron_ore":52,"minecraft:andesite":1,"minecraft:grass":106,"minecraft:coal_ore":97,"minecraft:oak_log":19,"minecraft:dirt":7,"minecraft:stone":65,"minecraft:oak_leaves":6},"minecraft:crafted":{"minecraft:oak_planks":36,"minecraft:cooked_porkchop":3,"minecraft:crafting_table":1,"minecraft:wooden_pickaxe":1,"minecraft:cooked_chicken":1,"minecraft:iron_sword":1,"minecraft:furnace":2,"minecraft:stone_axe":1,"minecraft:cooked_mutton":1,"minecraft:air":0,"minecraft:shield":2,"minecraft:iron_axe":1,"minecraft:stick":32,"minecraft:iron_ingot":52,"minecraft:iron_pickaxe":2,"minecraft:stone_pickaxe":1},"minecraft:killed":{"minecraft:pig":2,"minecraft:spider":1,"minecraft:creeper":1,"minecraft:skeleton":2,"minecraft:sheep":5,"minecraft:zombie":3,"minecraft:chicken":3,"minecraft:cow":3},"minecraft:picked_up":{"minecraft:crafting_table":2,"minecraft:feather":2,"minecraft:chicken":3,"minecraft:andesite":1,"minecraft:leather":1,"minecraft:oak_log":19,"minecraft:gunpowder":1,"minecraft:dirt":60,"minecraft:string":1,"minecraft:bone":3,"minecraft:apple":1,"minecraft:bow":1,"minecraft:wheat_seeds":19,"minecraft:beef":6,"minecraft:sugar_cane":6,"minecraft:furnace":4,"minecraft:stick":5,"minecraft:raw_iron":52,"minecraft:porkchop":3,"minecraft:diorite":1,"minecraft:spider_eye":1,"minecraft:rotten_flesh":1,"minecraft:oak_sapling":14,"minecraft:mutton":7,"minecraft:coal":118,"minecraft:white_wool":5,"minecraft:cobblestone":69},"minecraft:killed_by":{"minecraft:creeper":1},"minecraft:custom":{"minecraft:interact_with_furnace":24,"minecraft:mob_kills":20,"minecraft:interact_with_crafting_table":15,"minecraft:leave_game":4,"minecraft:time_since_death":37672,"minecraft:time_since_rest":37696,"minecraft:sprint_one_cm":73638,"minecraft:damage_taken":590,"minecraft:walk_one_cm":52973,"minecraft:damage_blocked_by_shield":120,"minecraft:drop":2,"minecraft:damage_dealt":2510,"minecraft:fly_one_cm":131320,"minecraft:crouch_one_cm":6696,"minecraft:play_time":39402,"minecraft:deaths":1,"minecraft:sneak_time":2696,"minecraft:jump":826,"minecraft:walk_on_water_one_cm":950,"minecraft:total_world_time":39402,"minecraft:fall_one_cm":24429},"minecraft:broken":{"minecraft:stone_pickaxe":1},"minecraft:used":{"minecraft:stone_pickaxe":131,"minecraft:wooden_pickaxe":6,"minecraft:shield":2,"minecraft:iron_sword":23,"minecraft:cooked_chicken":1,"minecraft:rotten_flesh":1,"minecraft:dirt":41,"minecraft:crafting_table":3,"minecraft:spider_eye":1,"minecraft:oak_log":2,"minecraft:apple":1,"minecraft:iron_pickaxe":92,"minecraft:stone_axe":36,"minecraft:cobblestone":8,"minecraft:furnace":4,"minecraft:cooked_porkchop":3}},"DataVersion":3465}