{"stats":{"minecraft:dropped":{"minecraft:wooden_pickaxe":1,"minecraft:string":1},"minecraft:mined":{"minecraft:furnace":1,"minecraft:iron_ore":50,"minecraft:andesite":1,"minecraft:crafting_table":2,"minecraft:grass":17,"minecraft:oak_log":19,"minecraft:grass_block":1,"minecraft:coal_ore":97,"minecraft:dirt":6,"minecraft:cobblestone":2,"minecraft:stone":64,"minecraft:diorite":1,"minecraft:oak_leaves":6},"minecraft:crafted":{"minecraft:oak_planks":28,"minecraft:shield":2,"minecraft:crafting_table":1,"minecraft:stick":12,"minecraft:iron_pickaxe":1,"minecraft:cooked_chicken":1,"minecraft:iron_ingot":6,"minecraft:wooden_pickaxe":1,"minecraft:stone_pickaxe":1,"minecraft:furnace":1,"minecraft:stone_axe":1,"minecraft:air":0},"minecraft:killed":{"minecraft:skeleton":2,"minecraft:zombie":3,"minecraft:chicken":1,"minecraft:spider":1,"minecraft:creeper":1},"minecraft:picked_up":{"minecraft:raw_iron":50,"minecraft:stick":5,"minecraft:crafting_table":2,"minecraft:chicken":1,"minecraft:andesite":1,"minecraft:oak_log":19,"minecraft:diorite":1,"minecraft:gunpowder":1,"minecraft:spider_eye":1,"minecraft:string":1,"minecraft:dirt":58,"minecraft:bone":3,"minecraft:rotten_flesh":1,"minecraft:apple":1,"minecraft:bow":1,"minecraft:wheat_seeds":5,"minecraft:oak_sapling":14,"minecraft:coal":118,"minecraft:cobblestone":68,"minecraft:furnace":1},"minecraft:killed_by":{"minecraft:creeper":1},"minecraft:custom":{"minecraft:time_since_rest":23841,"minecraft:interact_with_furnace":7,"minecraft:sprint_one_cm":40478,"minecraft:damage_taken":490,"minecraft:walk_one_cm":35395,"minecraft:damage_blocked_by_shield":120,"minecraft:mob_kills":8,"minecraft:drop":2,"minecraft:damage_dealt":1540,"minecraft:interact_with_crafting_table":12,"minecraft:fly_one_cm":65817,"minecraft:crouch_one_cm":5845,"minecraft:play_time":25547,"minecraft:deaths":1,"minecraft:sneak_time":2359,"minecraft:jump":456,"minecraft:leave_game":3,"minecraft:walk_on_water_one_cm":950,"minecraft:time_since_death":23817,"minecraft:total_world_time":25547,"minecraft:fall_one_cm":12573},"minecraft:broken":{"minecraft:stone_pickaxe":1},"minecraft:used":{"minecraft:oak_log":2,"minecraft:apple":1,"minecraft:stone_pickaxe":131,"minecraft:iron_pickaxe":80,"minecraft:shield":2,"minecraft:wooden_pickaxe":6,"minecraft:cooked_chicken":1,"minecraft:rotten_flesh":1,"minecraft:stone_axe":35,"minecraft:dirt":39,"minecraft:cobblestone":2,"minecraft:crafting_table":2,"minecraft:furnace":1}},"DataVersion":3465}