{"stats":{"minecraft:killed":{"minecraft:spider":14,"minecraft:skeleton":20,"minecraft:chicken":12,"minecraft:pig":9,"minecraft:zombie_villager":2,"minecraft:salmon":17,"minecraft:iron_golem":13,"minecraft:creeper":4,"minecraft:sheep":12,"minecraft:trader_llama":2,"minecraft:zombie":51,"minecraft:cow":9,"minecraft:drowned":1,"minecraft:frog":1,"minecraft:enderman":2},"minecraft:dropped":{"minecraft:iron_sword":1,"minecraft:porkchop":23,"minecraft:lapis_lazuli":18,"minecraft:cooked_beef":13,"minecraft:oak_log":6,"minecraft:ender_pearl":1,"minecraft:dark_oak_sapling":1,"minecraft:cooked_porkchop":9,"minecraft:cookie":40,"minecraft:leather":4,"minecraft:jungle_planks":42,"minecraft:emerald":26,"minecraft:dirt":96,"minecraft:dark_oak_log":2,"minecraft:dispenser":6,"minecraft:cooked_cod":5,"minecraft:pumpkin_pie":5,"minecraft:gold_nugget":6,"minecraft:bone_meal":1,"minecraft:sand":49,"minecraft:iron_pickaxe":3,"minecraft:dark_oak_planks":1,"minecraft:gold_ingot":24,"minecraft:bone":27,"minecraft:gravel":1,"minecraft:stone_axe":1,"minecraft:sugar_cane":422,"minecraft:mangrove_roots":2,"minecraft:lever":1,"minecraft:iron_nugget":16,"minecraft:cooked_chicken":7,"minecraft:cobbled_deepslate":3,"minecraft:beetroot":6,"minecraft:rotten_flesh":60,"minecraft:diamond_shovel":2,"minecraft:cooked_mutton":13,"minecraft:azure_bluet":2,"minecraft:white_bed":3,"minecraft:carrot":138,"minecraft:chiseled_stone_bricks":1,"minecraft:poppy":2,"minecraft:gunpowder":4,"minecraft:beetroot_seeds":2,"minecraft:leather_boots":1,"minecraft:chest":2,"minecraft:arrow":15,"minecraft:beef":7,"minecraft:netherrack":1,"minecraft:water_bucket":3,"minecraft:iron_ingot":22,"minecraft:bread":23,"minecraft:wheat_seeds":64,"minecraft:tnt":5,"minecraft:mossy_cobblestone":10,"minecraft:poisonous_potato":9,"minecraft:mangrove_propagule":2,"minecraft:feather":9,"minecraft:cobblestone":12,"minecraft:coal":81,"minecraft:stick":21,"minecraft:oxeye_daisy":4,"minecraft:jungle_slab":2,"minecraft:diorite":1,"minecraft:ink_sac":2,"minecraft:torch":78,"minecraft:melon_slice":63,"minecraft:fire_charge":2,"minecraft:potion":1,"minecraft:iron_leggings":3,"minecraft:golden_hoe":3,"minecraft:heart_of_the_sea":2,"minecraft:iron_axe":2,"minecraft:red_dye":3,"minecraft:mud":10,"minecraft:paper":2,"minecraft:string":9,"minecraft:tripwire_hook":2,"minecraft:bucket":1,"minecraft:dandelion":9,"minecraft:furnace":2,"minecraft:bowl":2,"minecraft:sticky_piston":3,"minecraft:diamond_hoe":1,"minecraft:raw_iron":19,"minecraft:chicken":22,"minecraft:iron_boots":1,"minecraft:filled_map":4,"minecraft:potato":18,"minecraft:hay_block":1,"minecraft:shield":4,"minecraft:iron_chestplate":1,"minecraft:diamond_pickaxe":1,"minecraft:andesite":1,"minecraft:oak_boat":1,"minecraft:bamboo":19,"minecraft:sandstone":5,"minecraft:bow":1,"minecraft:wooden_pickaxe":1,"minecraft:raw_gold":4,"minecraft:terracotta":2},"minecraft:killed_by":{"minecraft:creeper":3,"minecraft:zombie":2,"minecraft:player":2,"minecraft:enderman":1,"minecraft:iron_golem":4},"minecraft:mined":{"minecraft:dark_oak_planks":2,"minecraft:white_bed":51,"minecraft:farmland":30,"minecraft:cherry_log":19,"minecraft:cobblestone_stairs":1,"minecraft:jungle_leaves":1,"minecraft:brewing_stand":2,"minecraft:granite":6,"minecraft:grass_block":305,"minecraft:composter":2,"minecraft:chiseled_stone_bricks":1,"minecraft:tall_seagrass":5,"minecraft:iron_ore":81,"minecraft:sticky_piston":3,"minecraft:cobbled_deepslate":9,"minecraft:deepslate_lapis_ore":25,"minecraft:dirt_path":128,"minecraft:oak_stairs":189,"minecraft:tripwire":2,"minecraft:deepslate_redstone_ore":6,"minecraft:kelp_plant":1,"minecraft:smoker":2,"minecraft:clay":12,"minecraft:torch":1,"minecraft:melon":3,"minecraft:dead_bush":2,"minecraft:cobblestone":182,"minecraft:sugar_cane":270,"minecraft:oak_planks":139,"minecraft:wall_torch":2,"minecraft:pink_petals":54,"minecraft:seagrass":4,"minecraft:white_terracotta":47,"minecraft:mud":16,"minecraft:birch_log":9,"minecraft:wheat":13,"minecraft:grass":488,"minecraft:oak_log":143,"minecraft:beetroots":2,"minecraft:sand":139,"minecraft:dirt":77,"minecraft:tripwire_hook":1,"minecraft:dispenser":2,"minecraft:netherrack":29,"minecraft:oak_leaves":15,"minecraft:deepslate":180,"minecraft:suspicious_gravel":1,"minecraft:tuff":11,"minecraft:mossy_cobblestone":31,"minecraft:dark_oak_leaves":2,"minecraft:deepslate_diamond_ore":19,"minecraft:oak_door":5,"minecraft:cherry_sapling":1,"minecraft:dark_oak_log":5,"minecraft:mangrove_roots":2,"minecraft:glow_lichen":1,"minecraft:jungle_planks":5,"minecraft:redstone_wire":10,"minecraft:mangrove_propagule":3,"minecraft:sandstone":5,"minecraft:oak_trapdoor":2,"minecraft:furnace":16,"minecraft:carrots":65,"minecraft:andesite":1,"minecraft:potatoes":56,"minecraft:deepslate_iron_ore":36,"minecraft:stripped_oak_log":32,"minecraft:bamboo":20,"minecraft:stone":165,"minecraft:oak_slab":12,"minecraft:glass_pane":14,"minecraft:dandelion":7,"minecraft:oak_fence":15,"minecraft:crafting_table":12,"minecraft:emerald_ore":2,"minecraft:lectern":3,"minecraft:tall_grass":59,"minecraft:lapis_ore":1,"minecraft:deepslate_gold_ore":36,"minecraft:diorite":3,"minecraft:birch_planks":7,"minecraft:birch_leaves":6,"minecraft:mangrove_leaves":14,"minecraft:yellow_bed":12,"minecraft:coal_ore":105,"minecraft:cherry_leaves":8,"minecraft:gravel":6,"minecraft:gold_ore":6,"minecraft:fern":3},"minecraft:used":{"minecraft:beetroot":4,"minecraft:cherry_sapling":7,"minecraft:iron_shovel":522,"minecraft:dispenser":2,"minecraft:diamond_hoe":282,"minecraft:shield":87,"minecraft:iron_sword":443,"minecraft:rotten_flesh":32,"minecraft:iron_chestplate":1,"minecraft:carrot":250,"minecraft:lava_bucket":1,"minecraft:furnace":17,"minecraft:cooked_cod":1,"minecraft:potato":262,"minecraft:stone_pickaxe":131,"minecraft:oak_planks":84,"minecraft:wooden_pickaxe":6,"minecraft:sugar_cane":177,"minecraft:cookie":51,"minecraft:sand":18,"minecraft:blast_furnace":2,"minecraft:melon_slice":49,"minecraft:bread":15,"minecraft:lectern":2,"minecraft:diamond_sword":220,"minecraft:oak_boat":17,"minecraft:bone_meal":91,"minecraft:golden_pickaxe":5,"minecraft:experience_bottle":1,"minecraft:oak_fence":8,"minecraft:cooked_salmon":4,"minecraft:cooked_chicken":13,"minecraft:oak_door":2,"minecraft:torch":5,"minecraft:dirt":365,"minecraft:anvil":1,"minecraft:golden_shovel":33,"minecraft:iron_axe":623,"minecraft:iron_boots":1,"minecraft:bamboo":26,"minecraft:beef":1,"minecraft:cooked_beef":5,"minecraft:cobbled_deepslate":4,"minecraft:iron_leggings":2,"minecraft:wheat_seeds":52,"minecraft:cooked_mutton":23,"minecraft:water_bucket":117,"minecraft:birch_planks":28,"minecraft:mossy_cobblestone":5,"minecraft:oak_slab":3,"minecraft:crafting_table":13,"minecraft:spider_eye":1,"minecraft:white_bed":58,"minecraft:smoker":3,"minecraft:oak_log":3,"minecraft:mud":6,"minecraft:diamond_pickaxe":44,"minecraft:apple":1,"minecraft:diamond_shovel":143,"minecraft:mangrove_propagule":1,"minecraft:iron_pickaxe":887,"minecraft:suspicious_stew":2,"minecraft:stone_axe":50,"minecraft:pink_petals":74,"minecraft:chiseled_stone_bricks":1,"minecraft:cobblestone":151,"minecraft:cooked_porkchop":10,"minecraft:bucket":122,"minecraft:pumpkin_pie":13,"minecraft:yellow_bed":11},"minecraft:picked_up":{"minecraft:iron_chestplate":11,"minecraft:wheat":1,"minecraft:suspicious_stew":1,"minecraft:lead":4,"minecraft:diamond_sword":5,"minecraft:oak_stairs":312,"minecraft:potion":4,"minecraft:enchanted_book":1,"minecraft:brewing_stand":2,"minecraft:string":19,"minecraft:iron_leggings":11,"minecraft:sticky_piston":6,"minecraft:beetroot":3,"minecraft:cobbled_deepslate":144,"minecraft:red_dye":2,"minecraft:iron_pickaxe":13,"minecraft:melon_slice":448,"minecraft:furnace":21,"minecraft:iron_boots":9,"minecraft:stick":22,"minecraft:composter":2,"minecraft:oak_fence":23,"minecraft:torch":265,"minecraft:porkchop":37,"minecraft:cherry_log":19,"minecraft:diorite":1,"minecraft:rotten_flesh":260,"minecraft:mangrove_roots":2,"minecraft:white_terracotta":141,"minecraft:cobblestone":535,"minecraft:birch_log":9,"minecraft:pink_petals":138,"minecraft:feather":7,"minecraft:water_bucket":7,"minecraft:andesite":1,"minecraft:smoker":2,"minecraft:potato":395,"minecraft:tuff":12,"minecraft:lapis_lazuli":134,"minecraft:dirt":935,"minecraft:leather_boots":1,"minecraft:bone":57,"minecraft:bow":2,"minecraft:wheat_seeds":120,"minecraft:raw_gold":102,"minecraft:bell":1,"minecraft:bamboo":226,"minecraft:oak_planks":409,"minecraft:cooked_porkchop":18,"minecraft:poisonous_potato":9,"minecraft:sand":135,"minecraft:jungle_planks":48,"minecraft:ink_sac":5,"minecraft:jungle_slab":1,"minecraft:dark_oak_log":7,"minecraft:mossy_cobblestone":41,"minecraft:dispenser":8,"minecraft:diamond":30,"minecraft:bone_meal":2,"minecraft:emerald":20,"minecraft:bread":161,"minecraft:oak_sapling":17,"minecraft:netherrack":1,"minecraft:diamond_pickaxe":5,"minecraft:mud":16,"minecraft:crafting_table":15,"minecraft:azure_bluet":2,"minecraft:chicken":33,"minecraft:clay_ball":44,"minecraft:golden_pickaxe":8,"minecraft:leather_leggings":1,"minecraft:shield":10,"minecraft:oak_trapdoor":6,"minecraft:iron_axe":14,"minecraft:iron_shovel":4,"minecraft:beef":19,"minecraft:oak_boat":19,"minecraft:iron_nugget":8,"minecraft:poppy":11,"minecraft:chest":2,"minecraft:lectern":5,"minecraft:sugar_cane":1042,"minecraft:diamond_hoe":3,"minecraft:egg":1,"minecraft:dark_oak_sapling":1,"minecraft:raw_iron":119,"minecraft:sandstone":5,"minecraft:oak_door":7,"minecraft:fire_charge":2,"minecraft:cookie":312,"minecraft:carrot":543,"minecraft:redstone":39,"minecraft:dark_oak_planks":1,"minecraft:tnt":5,"minecraft:arrow":78,"minecraft:golden_hoe":2,"minecraft:beetroot_seeds":2,"minecraft:pumpkin_pie":46,"minecraft:hay_block":1,"minecraft:mutton":48,"minecraft:white_wool":11,"minecraft:oxeye_daisy":5,"minecraft:stripped_oak_log":31,"minecraft:tripwire_hook":2,"minecraft:salmon":35,"minecraft:leather":10,"minecraft:filled_map":1,"minecraft:birch_planks":8,"minecraft:oak_log":292,"minecraft:cobblestone_stairs":3,"minecraft:yellow_bed":12,"minecraft:gunpowder":5,"minecraft:paper":45,"minecraft:cooked_mutton":14,"minecraft:apple":1,"minecraft:iron_ingot":89,"minecraft:cooked_chicken":29,"minecraft:iron_sword":4,"minecraft:book":10,"minecraft:oak_slab":13,"minecraft:chiseled_stone_bricks":1,"minecraft:dandelion":20,"minecraft:gravel":1,"minecraft:blast_furnace":2,"minecraft:white_bed":60,"minecraft:spider_eye":4,"minecraft:leather_helmet":1,"minecraft:diamond_shovel":5,"minecraft:iron_helmet":7,"minecraft:cherry_sapling":7,"minecraft:mangrove_propagule":3,"minecraft:coal":295,"minecraft:ender_pearl":4},"minecraft:broken":{"minecraft:iron_shovel":2,"minecraft:golden_shovel":1,"minecraft:stone_pickaxe":1,"minecraft:iron_sword":1,"minecraft:shield":1,"minecraft:iron_axe":2,"minecraft:iron_pickaxe":3,"minecraft:iron_helmet":1},"minecraft:crafted":{"minecraft:oak_planks":204,"minecraft:cooked_chicken":13,"minecraft:diamond_shovel":1,"minecraft:bookshelf":1,"minecraft:cooked_mutton":33,"minecraft:iron_boots":4,"minecraft:smoker":1,"minecraft:oak_slab":12,"minecraft:cooked_porkchop":19,"minecraft:crafting_table":4,"minecraft:wooden_pickaxe":1,"minecraft:iron_helmet":2,"minecraft:birch_planks":36,"minecraft:book":6,"minecraft:lectern":1,"minecraft:paper":63,"minecraft:iron_chestplate":3,"minecraft:diamond_pickaxe":2,"minecraft:shield":3,"minecraft:stick":108,"minecraft:iron_ingot":154,"minecraft:iron_pickaxe":7,"minecraft:iron_block":3,"minecraft:gold_ingot":57,"minecraft:oak_door":3,"minecraft:diamond_hoe":1,"minecraft:furnace":8,"minecraft:bone_meal":48,"minecraft:iron_axe":2,"minecraft:stone_pickaxe":1,"minecraft:dark_oak_planks":8,"minecraft:cooked_beef":18,"minecraft:red_dye":1,"minecraft:diamond_sword":1,"minecraft:iron_sword":2,"minecraft:bucket":3,"minecraft:stone_axe":1,"minecraft:air":0,"minecraft:oak_boat":2,"minecraft:iron_shovel":2,"minecraft:iron_leggings":3,"minecraft:anvil":1,"minecraft:white_bed":9,"minecraft:torch":4,"minecraft:golden_hoe":2},"minecraft:custom":{"minecraft:animals_bred":2,"minecraft:interact_with_crafting_table":75,"minecraft:bell_ring":10,"minecraft:leave_game":13,"minecraft:time_since_death":465,"minecraft:sprint_one_cm":1171244,"minecraft:damage_blocked_by_shield":5843,"minecraft:drop":236,"minecraft:talked_to_villager":29,"minecraft:play_time":450083,"minecraft:deaths":12,"minecraft:jump":10489,"minecraft:walk_on_water_one_cm":103884,"minecraft:interact_with_furnace":135,"minecraft:interact_with_cartography_table":1,"minecraft:sleep_in_bed":15,"minecraft:damage_dealt":36099,"minecraft:player_kills":2,"minecraft:crouch_one_cm":62526,"minecraft:interact_with_smoker":24,"minecraft:inspect_dispenser":3,"minecraft:mob_kills":175,"minecraft:climb_one_cm":10780,"minecraft:walk_one_cm":902781,"minecraft:sneak_time":23505,"minecraft:walk_under_water_one_cm":94255,"minecraft:boat_one_cm":925239,"minecraft:interact_with_blast_furnace":17,"minecraft:total_world_time":450083,"minecraft:time_since_rest":512,"minecraft:damage_taken":9710,"minecraft:swim_one_cm":320304,"minecraft:fly_one_cm":2604599,"minecraft:open_chest":269,"minecraft:fall_one_cm":254968}},"DataVersion":3465}