{"stats":{"minecraft:dropped":{"minecraft:iron_sword":4,"minecraft:soul_sand":8,"minecraft:porkchop":24,"minecraft:lapis_lazuli":18,"minecraft:cooked_beef":13,"minecraft:oak_log":6,"minecraft:baked_potato":60,"minecraft:ender_pearl":1,"minecraft:dark_oak_sapling":1,"minecraft:cooked_porkchop":9,"minecraft:cookie":44,"minecraft:leather":4,"minecraft:jungle_planks":42,"minecraft:saddle":1,"minecraft:emerald":26,"minecraft:dirt":97,"minecraft:dark_oak_log":2,"minecraft:dispenser":6,"minecraft:cooked_cod":5,"minecraft:gold_nugget":6,"minecraft:pumpkin_pie":5,"minecraft:bone_meal":1,"minecraft:sand":49,"minecraft:iron_pickaxe":3,"minecraft:dark_oak_planks":1,"minecraft:white_wool":1,"minecraft:gold_ingot":24,"minecraft:bone":37,"minecraft:gravel":1,"minecraft:stone_axe":1,"minecraft:sugar_cane":422,"minecraft:mangrove_roots":2,"minecraft:lever":1,"minecraft:iron_nugget":16,"minecraft:cooked_chicken":7,"minecraft:golden_chestplate":1,"minecraft:cobbled_deepslate":3,"minecraft:beetroot":6,"minecraft:rotten_flesh":168,"minecraft:diamond_shovel":2,"minecraft:cooked_mutton":13,"minecraft:nether_brick_fence":20,"minecraft:azure_bluet":2,"minecraft:white_bed":3,"minecraft:carrot":330,"minecraft:chiseled_stone_bricks":1,"minecraft:poppy":6,"minecraft:gunpowder":7,"minecraft:beetroot_seeds":2,"minecraft:leather_boots":1,"minecraft:chest":2,"minecraft:arrow":15,"minecraft:beef":7,"minecraft:netherrack":16,"minecraft:water_bucket":3,"minecraft:iron_ingot":22,"minecraft:bread":23,"minecraft:wheat_seeds":64,"minecraft:tnt":5,"minecraft:mossy_cobblestone":10,"minecraft:golden_horse_armor":2,"minecraft:poisonous_potato":12,"minecraft:mangrove_propagule":2,"minecraft:iron_helmet":2,"minecraft:feather":9,"minecraft:cobblestone":35,"minecraft:coal":81,"minecraft:stick":21,"minecraft:oxeye_daisy":4,"minecraft:diamond_horse_armor":3,"minecraft:jungle_slab":2,"minecraft:diorite":1,"minecraft:ink_sac":2,"minecraft:torch":80,"minecraft:melon_slice":63,"minecraft:potion":1,"minecraft:fire_charge":2,"minecraft:iron_leggings":5,"minecraft:golden_hoe":3,"minecraft:heart_of_the_sea":2,"minecraft:mud":10,"minecraft:iron_axe":3,"minecraft:red_dye":3,"minecraft:paper":2,"minecraft:string":9,"minecraft:tripwire_hook":2,"minecraft:bucket":1,"minecraft:dandelion":9,"minecraft:furnace":2,"minecraft:bowl":2,"minecraft:diamond_hoe":2,"minecraft:sticky_piston":3,"minecraft:raw_iron":19,"minecraft:chicken":22,"minecraft:iron_boots":3,"minecraft:flint_and_steel":1,"minecraft:filled_map":4,"minecraft:potato":82,"minecraft:hay_block":1,"minecraft:shield":7,"minecraft:iron_chestplate":2,"minecraft:diamond_pickaxe":5,"minecraft:andesite":1,"minecraft:oak_boat":1,"minecraft:bamboo":19,"minecraft:sandstone":5,"minecraft:bow":1,"minecraft:wooden_pickaxe":1,"minecraft:raw_gold":4,"minecraft:terracotta":2},"minecraft:custom":{"minecraft:animals_bred":29,"minecraft:interact_with_crafting_table":88,"minecraft:bell_ring":10,"minecraft:leave_game":15,"minecraft:time_since_death":60961,"minecraft:sprint_one_cm":1659449,"minecraft:damage_blocked_by_shield":7718,"minecraft:drop":299,"minecraft:talked_to_villager":185,"minecraft:play_time":600653,"minecraft:deaths":19,"minecraft:jump":13445,"minecraft:walk_on_water_one_cm":109177,"minecraft:interact_with_furnace":135,"minecraft:traded_with_villager":6,"minecraft:interact_with_cartography_table":2,"minecraft:sleep_in_bed":20,"minecraft:damage_dealt":47638,"minecraft:player_kills":2,"minecraft:crouch_one_cm":69959,"minecraft:interact_with_smoker":25,"minecraft:inspect_dispenser":3,"minecraft:mob_kills":231,"minecraft:climb_one_cm":10780,"minecraft:walk_one_cm":1449177,"minecraft:sneak_time":26089,"minecraft:walk_under_water_one_cm":101843,"minecraft:boat_one_cm":925239,"minecraft:interact_with_blast_furnace":17,"minecraft:total_world_time":600653,"minecraft:time_since_rest":6619,"minecraft:damage_taken":13213,"minecraft:swim_one_cm":353296,"minecraft:fly_one_cm":3322080,"minecraft:open_chest":467,"minecraft:fall_one_cm":312439},"minecraft:picked_up":{"minecraft:iron_chestplate":18,"minecraft:wheat":79,"minecraft:nether_brick_fence":36,"minecraft:suspicious_stew":1,"minecraft:lead":44,"minecraft:diamond_sword":11,"minecraft:oak_stairs":312,"minecraft:potion":4,"minecraft:enchanted_book":1,"minecraft:crimson_planks":8,"minecraft:brewing_stand":2,"minecraft:string":19,"minecraft:iron_leggings":19,"minecraft:sticky_piston":6,"minecraft:beetroot":3,"minecraft:cobbled_deepslate":144,"minecraft:red_dye":2,"minecraft:iron_pickaxe":18,"minecraft:melon_slice":813,"minecraft:iron_boots":18,"minecraft:furnace":21,"minecraft:stick":118,"minecraft:composter":2,"minecraft:oak_fence":60,"minecraft:torch":578,"minecraft:porkchop":41,"minecraft:cherry_log":19,"minecraft:diorite":1,"minecraft:golden_chestplate":2,"minecraft:rotten_flesh":384,"minecraft:mangrove_roots":2,"minecraft:white_terracotta":141,"minecraft:blaze_rod":23,"minecraft:cobblestone":620,"minecraft:birch_log":9,"minecraft:pink_petals":138,"minecraft:feather":7,"minecraft:water_bucket":13,"minecraft:andesite":1,"minecraft:smoker":2,"minecraft:potato":692,"minecraft:tuff":12,"minecraft:lapis_lazuli":134,"minecraft:dirt":1185,"minecraft:leather_boots":1,"minecraft:bone":91,"minecraft:bow":2,"minecraft:wheat_seeds":237,"minecraft:raw_gold":102,"minecraft:bell":1,"minecraft:bamboo":226,"minecraft:oak_planks":776,"minecraft:cooked_porkchop":18,"minecraft:poisonous_potato":10,"minecraft:sand":135,"minecraft:jungle_planks":55,"minecraft:ink_sac":5,"minecraft:jungle_slab":1,"minecraft:dark_oak_log":7,"minecraft:mossy_cobblestone":41,"minecraft:dispenser":8,"minecraft:diamond":34,"minecraft:bone_meal":2,"minecraft:emerald":20,"minecraft:golden_horse_armor":1,"minecraft:bread":161,"minecraft:oak_sapling":31,"minecraft:netherrack":69,"minecraft:diamond_pickaxe":16,"minecraft:mud":16,"minecraft:crafting_table":15,"minecraft:azure_bluet":4,"minecraft:chicken":33,"minecraft:nether_wart":175,"minecraft:clay_ball":44,"minecraft:golden_pickaxe":13,"minecraft:leather_leggings":1,"minecraft:diamond_horse_armor":7,"minecraft:shield":19,"minecraft:oak_trapdoor":6,"minecraft:iron_axe":20,"minecraft:flint_and_steel":2,"minecraft:iron_shovel":7,"minecraft:beef":23,"minecraft:oak_boat":19,"minecraft:iron_nugget":8,"minecraft:poppy":17,"minecraft:lectern":110,"minecraft:chest":2,"minecraft:sugar_cane":1042,"minecraft:birch_sapling":3,"minecraft:diamond_hoe":11,"minecraft:egg":10,"minecraft:dark_oak_sapling":1,"minecraft:raw_iron":119,"minecraft:sandstone":5,"minecraft:oak_door":7,"minecraft:fire_charge":2,"minecraft:cookie":354,"minecraft:carrot":915,"minecraft:redstone":39,"minecraft:dark_oak_planks":1,"minecraft:tnt":5,"minecraft:arrow":92,"minecraft:golden_hoe":2,"minecraft:beetroot_seeds":2,"minecraft:pumpkin_pie":106,"minecraft:peony":2,"minecraft:nether_bricks":4,"minecraft:hay_block":1,"minecraft:saddle":5,"minecraft:gold_ingot":6,"minecraft:mutton":52,"minecraft:white_wool":14,"minecraft:oxeye_daisy":6,"minecraft:stripped_oak_log":31,"minecraft:tripwire_hook":2,"minecraft:crimson_stem":5,"minecraft:salmon":43,"minecraft:leather":22,"minecraft:filled_map":1,"minecraft:birch_planks":9,"minecraft:oak_log":296,"minecraft:yellow_bed":12,"minecraft:gunpowder":12,"minecraft:cobblestone_stairs":3,"minecraft:paper":45,"minecraft:cooked_mutton":14,"minecraft:apple":4,"minecraft:iron_ingot":152,"minecraft:oak_fence_gate":2,"minecraft:cooked_chicken":29,"minecraft:iron_sword":7,"minecraft:soul_sand":11,"minecraft:book":31,"minecraft:oak_slab":13,"minecraft:chiseled_stone_bricks":1,"minecraft:dandelion":20,"minecraft:gravel":1,"minecraft:blast_furnace":2,"minecraft:white_bed":63,"minecraft:spider_eye":4,"minecraft:leather_helmet":1,"minecraft:diamond_shovel":12,"minecraft:iron_helmet":15,"minecraft:cherry_sapling":7,"minecraft:baked_potato":85,"minecraft:mangrove_propagule":3,"minecraft:coal":314,"minecraft:ender_pearl":10},"minecraft:killed":{"minecraft:spider":14,"minecraft:skeleton":24,"minecraft:chicken":12,"minecraft:wolf":1,"minecraft:magma_cube":1,"minecraft:pig":9,"minecraft:zombie_villager":3,"minecraft:salmon":25,"minecraft:iron_golem":17,"minecraft:creeper":7,"minecraft:sheep":12,"minecraft:trader_llama":2,"minecraft:zombie":53,"minecraft:blaze":21,"minecraft:cow":11,"minecraft:drowned":3,"minecraft:frog":1,"minecraft:hoglin":1,"minecraft:wither_skeleton":4,"minecraft:enderman":2},"minecraft:crafted":{"minecraft:oak_planks":460,"minecraft:cooked_chicken":13,"minecraft:diamond_shovel":1,"minecraft:bookshelf":2,"minecraft:cooked_mutton":33,"minecraft:bow":1,"minecraft:iron_boots":4,"minecraft:chest":1,"minecraft:oak_fence":45,"minecraft:smoker":1,"minecraft:oak_slab":18,"minecraft:emerald":5,"minecraft:cooked_porkchop":19,"minecraft:crafting_table":5,"minecraft:wooden_pickaxe":1,"minecraft:iron_helmet":2,"minecraft:birch_planks":36,"minecraft:lectern":2,"minecraft:iron_chestplate":3,"minecraft:book":10,"minecraft:paper":177,"minecraft:diamond_pickaxe":2,"minecraft:shield":5,"minecraft:stick":168,"minecraft:iron_ingot":154,"minecraft:iron_pickaxe":7,"minecraft:iron_block":3,"minecraft:gold_ingot":57,"minecraft:oak_door":3,"minecraft:diamond_hoe":1,"minecraft:furnace":8,"minecraft:bone_meal":81,"minecraft:iron_axe":2,"minecraft:stone_pickaxe":1,"minecraft:dark_oak_planks":8,"minecraft:cooked_beef":18,"minecraft:red_dye":1,"minecraft:crimson_planks":20,"minecraft:diamond_sword":1,"minecraft:iron_sword":2,"minecraft:bucket":4,"minecraft:stone_axe":1,"minecraft:enchanted_book":1,"minecraft:air":0,"minecraft:oak_fence_gate":3,"minecraft:oak_boat":2,"minecraft:iron_shovel":2,"minecraft:iron_leggings":4,"minecraft:anvil":1,"minecraft:white_bed":9,"minecraft:torch":4,"minecraft:golden_hoe":2},"minecraft:broken":{"minecraft:iron_shovel":2,"minecraft:iron_boots":1,"minecraft:golden_shovel":1,"minecraft:stone_pickaxe":1,"minecraft:iron_sword":1,"minecraft:shield":1,"minecraft:iron_axe":3,"minecraft:iron_pickaxe":3,"minecraft:iron_helmet":1},"minecraft:used":{"minecraft:peony":2,"minecraft:beetroot":4,"minecraft:cherry_sapling":7,"minecraft:nether_brick_fence":2,"minecraft:iron_shovel":522,"minecraft:dispenser":2,"minecraft:diamond_hoe":364,"minecraft:chest":1,"minecraft:shield":109,"minecraft:iron_sword":443,"minecraft:rotten_flesh":33,"minecraft:iron_chestplate":7,"minecraft:mutton":2,"minecraft:jungle_planks":7,"minecraft:nether_bricks":2,"minecraft:carrot":314,"minecraft:lava_bucket":1,"minecraft:furnace":17,"minecraft:cooked_cod":1,"minecraft:egg":2,"minecraft:potato":325,"minecraft:oak_planks":99,"minecraft:stone_pickaxe":131,"minecraft:wooden_pickaxe":6,"minecraft:sugar_cane":177,"minecraft:cookie":75,"minecraft:sand":18,"minecraft:blast_furnace":2,"minecraft:melon_slice":56,"minecraft:bread":15,"minecraft:lectern":104,"minecraft:diamond_sword":392,"minecraft:oak_boat":17,"minecraft:bone_meal":124,"minecraft:golden_pickaxe":5,"minecraft:experience_bottle":1,"minecraft:oak_fence":113,"minecraft:flint_and_steel":1,"minecraft:cooked_salmon":4,"minecraft:cooked_chicken":13,"minecraft:oak_door":2,"minecraft:torch":13,"minecraft:dirt":445,"minecraft:anvil":1,"minecraft:golden_shovel":33,"minecraft:golden_chestplate":7,"minecraft:oak_fence_gate":4,"minecraft:iron_axe":784,"minecraft:iron_boots":1,"minecraft:bamboo":26,"minecraft:beef":1,"minecraft:cooked_beef":5,"minecraft:cobbled_deepslate":4,"minecraft:iron_leggings":3,"minecraft:wheat_seeds":102,"minecraft:cooked_mutton":23,"minecraft:water_bucket":118,"minecraft:birch_planks":28,"minecraft:baked_potato":8,"minecraft:mossy_cobblestone":5,"minecraft:oak_slab":3,"minecraft:crafting_table":14,"minecraft:spider_eye":1,"minecraft:white_bed":59,"minecraft:smoker":3,"minecraft:oak_log":3,"minecraft:mud":6,"minecraft:diamond_pickaxe":107,"minecraft:apple":4,"minecraft:oxeye_daisy":1,"minecraft:diamond_shovel":243,"minecraft:mangrove_propagule":1,"minecraft:iron_pickaxe":907,"minecraft:suspicious_stew":2,"minecraft:stone_axe":50,"minecraft:chiseled_stone_bricks":1,"minecraft:pink_petals":74,"minecraft:cobblestone":195,"minecraft:porkchop":3,"minecraft:cooked_porkchop":10,"minecraft:bucket":124,"minecraft:pumpkin_pie":42,"minecraft:yellow_bed":11},"minecraft:mined":{"minecraft:dark_oak_planks":2,"minecraft:white_bed":52,"minecraft:farmland":30,"minecraft:cherry_log":19,"minecraft:cobblestone_stairs":1,"minecraft:jungle_leaves":1,"minecraft:brewing_stand":2,"minecraft:granite":6,"minecraft:grass_block":373,"minecraft:composter":2,"minecraft:oxeye_daisy":1,"minecraft:nether_wart":40,"minecraft:chiseled_stone_bricks":1,"minecraft:spawner":1,"minecraft:tall_seagrass":5,"minecraft:iron_ore":81,"minecraft:cobbled_deepslate":9,"minecraft:sticky_piston":3,"minecraft:fire":4,"minecraft:deepslate_lapis_ore":25,"minecraft:azure_bluet":2,"minecraft:dirt_path":129,"minecraft:oak_stairs":189,"minecraft:tripwire":2,"minecraft:deepslate_redstone_ore":6,"minecraft:kelp_plant":1,"minecraft:smoker":2,"minecraft:soul_fire":2,"minecraft:clay":12,"minecraft:torch":6,"minecraft:melon":3,"minecraft:dead_bush":2,"minecraft:cobblestone":190,"minecraft:oak_planks":144,"minecraft:sugar_cane":270,"minecraft:wall_torch":2,"minecraft:pink_petals":54,"minecraft:white_terracotta":47,"minecraft:seagrass":6,"minecraft:mud":16,"minecraft:birch_log":9,"minecraft:wheat":56,"minecraft:grass":527,"minecraft:oak_log":147,"minecraft:beetroots":2,"minecraft:oak_fence_gate":1,"minecraft:sand":139,"minecraft:dirt":91,"minecraft:tripwire_hook":1,"minecraft:dispenser":2,"minecraft:netherrack":82,"minecraft:oak_leaves":28,"minecraft:deepslate":180,"minecraft:suspicious_gravel":1,"minecraft:tuff":11,"minecraft:mossy_cobblestone":31,"minecraft:dark_oak_leaves":2,"minecraft:deepslate_diamond_ore":19,"minecraft:oak_door":5,"minecraft:cherry_sapling":1,"minecraft:dark_oak_log":5,"minecraft:mangrove_roots":2,"minecraft:nether_bricks":2,"minecraft:glow_lichen":1,"minecraft:jungle_planks":5,"minecraft:redstone_wire":10,"minecraft:sandstone":5,"minecraft:mangrove_propagule":3,"minecraft:crimson_stem":5,"minecraft:oak_trapdoor":2,"minecraft:furnace":16,"minecraft:carrots":148,"minecraft:andesite":1,"minecraft:peony":2,"minecraft:nether_brick_fence":18,"minecraft:potatoes":139,"minecraft:deepslate_iron_ore":36,"minecraft:stripped_oak_log":32,"minecraft:bamboo":20,"minecraft:stone":165,"minecraft:oak_slab":12,"minecraft:glass_pane":14,"minecraft:soul_sand":12,"minecraft:dandelion":7,"minecraft:oak_fence":43,"minecraft:crafting_table":12,"minecraft:emerald_ore":2,"minecraft:lectern":103,"minecraft:tall_grass":59,"minecraft:lapis_ore":1,"minecraft:deepslate_gold_ore":36,"minecraft:diorite":3,"minecraft:birch_planks":8,"minecraft:birch_leaves":8,"minecraft:mangrove_leaves":14,"minecraft:yellow_bed":12,"minecraft:coal_ore":105,"minecraft:cherry_leaves":8,"minecraft:gravel":6,"minecraft:gold_ore":6,"minecraft:fern":3},"minecraft:killed_by":{"minecraft:zombified_piglin":1,"minecraft:creeper":3,"minecraft:blaze":2,"minecraft:zombie":2,"minecraft:player":2,"minecraft:enderman":1,"minecraft:iron_golem":5,"minecraft:skeleton":1}},"DataVersion":3465}