{"stats":{"minecraft:mined":{"minecraft:grass":5},"minecraft:picked_up":{"minecraft:wheat_seeds":2,"minecraft:dirt":19},"minecraft:custom":{"minecraft:jump":14,"minecraft:time_since_rest":1547,"minecraft:damage_dealt":10,"minecraft:leave_game":3,"minecraft:play_time":1547,"minecraft:sprint_one_cm":1627,"minecraft:damage_taken":15,"minecraft:time_since_death":1547,"minecraft:walk_one_cm":800,"minecraft:total_world_time":1547,"minecraft:fall_one_cm":209,"minecraft:fly_one_cm":1128}},"DataVersion":3465}