{"stats":{"minecraft:dropped":{"minecraft:iron_sword":4,"minecraft:soul_sand":8,"minecraft:porkchop":24,"minecraft:diamond_axe":3,"minecraft:lapis_lazuli":18,"minecraft:cooked_beef":13,"minecraft:oak_log":6,"minecraft:baked_potato":60,"minecraft:ender_pearl":1,"minecraft:dark_oak_sapling":1,"minecraft:cooked_porkchop":9,"minecraft:cookie":44,"minecraft:leather":4,"minecraft:jungle_planks":42,"minecraft:saddle":1,"minecraft:emerald":70,"minecraft:dirt":97,"minecraft:dark_oak_log":2,"minecraft:dispenser":6,"minecraft:cooked_cod":5,"minecraft:gold_nugget":6,"minecraft:pumpkin_pie":5,"minecraft:bone_meal":1,"minecraft:sand":49,"minecraft:iron_pickaxe":3,"minecraft:dark_oak_planks":1,"minecraft:white_wool":1,"minecraft:gold_ingot":24,"minecraft:bone":37,"minecraft:gravel":1,"minecraft:stone_axe":1,"minecraft:sugar_cane":422,"minecraft:mangrove_roots":2,"minecraft:lever":1,"minecraft:iron_nugget":16,"minecraft:cooked_chicken":7,"minecraft:golden_chestplate":1,"minecraft:cobbled_deepslate":3,"minecraft:beetroot":6,"minecraft:rotten_flesh":168,"minecraft:diamond_shovel":2,"minecraft:cooked_mutton":13,"minecraft:nether_brick_fence":20,"minecraft:azure_bluet":2,"minecraft:white_bed":3,"minecraft:carrot":386,"minecraft:chiseled_stone_bricks":1,"minecraft:poppy":6,"minecraft:gunpowder":7,"minecraft:beetroot_seeds":2,"minecraft:leather_boots":1,"minecraft:chest":2,"minecraft:arrow":15,"minecraft:beef":7,"minecraft:netherrack":16,"minecraft:lectern":2,"minecraft:water_bucket":3,"minecraft:iron_ingot":22,"minecraft:bread":23,"minecraft:wheat_seeds":64,"minecraft:tnt":5,"minecraft:mossy_cobblestone":10,"minecraft:golden_horse_armor":2,"minecraft:poisonous_potato":12,"minecraft:book":6,"minecraft:mangrove_propagule":2,"minecraft:iron_helmet":2,"minecraft:feather":9,"minecraft:cobblestone":35,"minecraft:lead":2,"minecraft:coal":106,"minecraft:stick":21,"minecraft:oxeye_daisy":4,"minecraft:diamond_horse_armor":3,"minecraft:jungle_slab":2,"minecraft:diorite":1,"minecraft:ink_sac":2,"minecraft:torch":80,"minecraft:melon_slice":63,"minecraft:potion":1,"minecraft:fire_charge":2,"minecraft:iron_leggings":5,"minecraft:golden_hoe":3,"minecraft:heart_of_the_sea":2,"minecraft:mud":10,"minecraft:iron_axe":5,"minecraft:red_dye":3,"minecraft:paper":2,"minecraft:string":9,"minecraft:tripwire_hook":2,"minecraft:bucket":1,"minecraft:dandelion":9,"minecraft:furnace":2,"minecraft:bowl":2,"minecraft:diamond_hoe":2,"minecraft:sticky_piston":3,"minecraft:raw_iron":19,"minecraft:chicken":22,"minecraft:iron_boots":3,"minecraft:flint_and_steel":1,"minecraft:filled_map":4,"minecraft:potato":82,"minecraft:hay_block":1,"minecraft:shield":7,"minecraft:iron_chestplate":2,"minecraft:diamond_pickaxe":6,"minecraft:andesite":1,"minecraft:oak_boat":1,"minecraft:spider_eye":1,"minecraft:bamboo":19,"minecraft:sandstone":5,"minecraft:bow":1,"minecraft:wooden_pickaxe":1,"minecraft:raw_gold":4,"minecraft:terracotta":2},"minecraft:custom":{"minecraft:animals_bred":59,"minecraft:interact_with_crafting_table":105,"minecraft:bell_ring":10,"minecraft:leave_game":16,"minecraft:time_since_death":10714,"minecraft:sprint_one_cm":1909492,"minecraft:damage_blocked_by_shield":8063,"minecraft:drop":315,"minecraft:talked_to_villager":414,"minecraft:play_time":693607,"minecraft:deaths":20,"minecraft:jump":14916,"minecraft:walk_on_water_one_cm":113481,"minecraft:interact_with_furnace":135,"minecraft:traded_with_villager":8,"minecraft:interact_with_cartography_table":2,"minecraft:sleep_in_bed":27,"minecraft:damage_dealt":56874,"minecraft:player_kills":3,"minecraft:crouch_one_cm":72412,"minecraft:interact_with_smoker":28,"minecraft:inspect_dispenser":3,"minecraft:interact_with_anvil":6,"minecraft:mob_kills":271,"minecraft:climb_one_cm":10780,"minecraft:walk_one_cm":1890033,"minecraft:sneak_time":27067,"minecraft:walk_under_water_one_cm":106381,"minecraft:boat_one_cm":925239,"minecraft:interact_with_blast_furnace":17,"minecraft:total_world_time":693607,"minecraft:time_since_rest":8329,"minecraft:damage_taken":14234,"minecraft:swim_one_cm":364478,"minecraft:fly_one_cm":3603021,"minecraft:open_chest":574,"minecraft:fall_one_cm":347717},"minecraft:picked_up":{"minecraft:iron_chestplate":19,"minecraft:wheat":79,"minecraft:nether_brick_fence":36,"minecraft:suspicious_stew":1,"minecraft:lead":53,"minecraft:diamond_sword":12,"minecraft:oak_stairs":312,"minecraft:potion":4,"minecraft:enchanted_book":3,"minecraft:crimson_planks":8,"minecraft:brewing_stand":2,"minecraft:string":19,"minecraft:iron_leggings":20,"minecraft:sticky_piston":6,"minecraft:beetroot":3,"minecraft:cobbled_deepslate":166,"minecraft:bucket":1,"minecraft:red_dye":2,"minecraft:iron_pickaxe":19,"minecraft:melon_slice":871,"minecraft:iron_boots":19,"minecraft:furnace":21,"minecraft:stick":119,"minecraft:composter":2,"minecraft:oak_fence":60,"minecraft:torch":595,"minecraft:porkchop":41,"minecraft:cherry_log":19,"minecraft:diorite":1,"minecraft:golden_chestplate":2,"minecraft:rotten_flesh":392,"minecraft:mangrove_roots":2,"minecraft:white_terracotta":141,"minecraft:blaze_rod":23,"minecraft:cobblestone":632,"minecraft:birch_log":9,"minecraft:pink_petals":138,"minecraft:feather":7,"minecraft:water_bucket":13,"minecraft:andesite":1,"minecraft:smoker":2,"minecraft:potato":824,"minecraft:tuff":12,"minecraft:lapis_lazuli":134,"minecraft:dirt":1195,"minecraft:leather_boots":1,"minecraft:bone":92,"minecraft:bow":3,"minecraft:wheat_seeds":333,"minecraft:raw_gold":102,"minecraft:bell":1,"minecraft:fletching_table":1,"minecraft:bamboo":226,"minecraft:oak_planks":777,"minecraft:cooked_porkchop":18,"minecraft:poisonous_potato":10,"minecraft:sand":135,"minecraft:jungle_planks":55,"minecraft:ink_sac":5,"minecraft:jungle_slab":1,"minecraft:dark_oak_log":7,"minecraft:mossy_cobblestone":41,"minecraft:dispenser":8,"minecraft:diamond":34,"minecraft:bone_meal":2,"minecraft:emerald":236,"minecraft:golden_horse_armor":1,"minecraft:bread":161,"minecraft:oak_sapling":31,"minecraft:netherrack":71,"minecraft:diamond_pickaxe":18,"minecraft:mud":16,"minecraft:crafting_table":16,"minecraft:azure_bluet":4,"minecraft:chicken":33,"minecraft:nether_wart":175,"minecraft:clay_ball":44,"minecraft:golden_pickaxe":13,"minecraft:leather_leggings":1,"minecraft:diamond_horse_armor":7,"minecraft:shield":20,"minecraft:oak_trapdoor":6,"minecraft:iron_axe":21,"minecraft:flint_and_steel":4,"minecraft:iron_shovel":8,"minecraft:cartography_table":2,"minecraft:beef":53,"minecraft:oak_boat":19,"minecraft:iron_nugget":8,"minecraft:poppy":17,"minecraft:lectern":261,"minecraft:chest":2,"minecraft:sugar_cane":1239,"minecraft:birch_sapling":4,"minecraft:diamond_hoe":12,"minecraft:egg":10,"minecraft:dark_oak_sapling":1,"minecraft:raw_iron":119,"minecraft:sandstone":5,"minecraft:oak_door":7,"minecraft:copper_ingot":1,"minecraft:fire_charge":2,"minecraft:cookie":354,"minecraft:carrot":985,"minecraft:redstone":39,"minecraft:dark_oak_planks":1,"minecraft:tnt":5,"minecraft:arrow":100,"minecraft:golden_hoe":2,"minecraft:beetroot_seeds":2,"minecraft:pumpkin_pie":106,"minecraft:peony":2,"minecraft:nether_bricks":4,"minecraft:hay_block":1,"minecraft:saddle":5,"minecraft:gold_ingot":6,"minecraft:mutton":53,"minecraft:white_wool":17,"minecraft:oxeye_daisy":6,"minecraft:stripped_oak_log":31,"minecraft:tripwire_hook":2,"minecraft:crimson_stem":5,"minecraft:salmon":43,"minecraft:leather":43,"minecraft:filled_map":1,"minecraft:birch_planks":13,"minecraft:oak_log":296,"minecraft:yellow_bed":12,"minecraft:gunpowder":12,"minecraft:cobblestone_stairs":3,"minecraft:paper":45,"minecraft:cooked_mutton":14,"minecraft:apple":4,"minecraft:iron_ingot":169,"minecraft:oak_fence_gate":2,"minecraft:cooked_chicken":29,"minecraft:iron_sword":7,"minecraft:soul_sand":11,"minecraft:book":37,"minecraft:oak_slab":16,"minecraft:chiseled_stone_bricks":1,"minecraft:dandelion":20,"minecraft:dripstone_block":4,"minecraft:gravel":1,"minecraft:blast_furnace":2,"minecraft:white_bed":63,"minecraft:spider_eye":5,"minecraft:leather_helmet":1,"minecraft:diamond_shovel":13,"minecraft:iron_helmet":15,"minecraft:diamond_axe":4,"minecraft:cherry_sapling":7,"minecraft:baked_potato":292,"minecraft:mangrove_propagule":3,"minecraft:coal":324,"minecraft:ender_pearl":10},"minecraft:killed":{"minecraft:spider":17,"minecraft:skeleton":25,"minecraft:chicken":12,"minecraft:magma_cube":1,"minecraft:wolf":3,"minecraft:pig":9,"minecraft:zombie_villager":3,"minecraft:salmon":25,"minecraft:iron_golem":21,"minecraft:creeper":9,"minecraft:sheep":13,"minecraft:trader_llama":2,"minecraft:zombie":61,"minecraft:cow":29,"minecraft:blaze":21,"minecraft:drowned":4,"minecraft:frog":1,"minecraft:hoglin":1,"minecraft:wither_skeleton":4,"minecraft:enderman":2},"minecraft:crafted":{"minecraft:oak_planks":460,"minecraft:cooked_chicken":13,"minecraft:diamond_shovel":1,"minecraft:bookshelf":5,"minecraft:cooked_mutton":33,"minecraft:bow":2,"minecraft:iron_boots":4,"minecraft:chest":1,"minecraft:oak_fence":45,"minecraft:smoker":1,"minecraft:oak_slab":18,"minecraft:emerald":5,"minecraft:cooked_porkchop":19,"minecraft:diamond_axe":1,"minecraft:crafting_table":5,"minecraft:iron_helmet":2,"minecraft:wooden_pickaxe":1,"minecraft:baked_potato":48,"minecraft:birch_planks":36,"minecraft:lectern":5,"minecraft:iron_chestplate":3,"minecraft:book":25,"minecraft:paper":315,"minecraft:diamond_pickaxe":2,"minecraft:shield":5,"minecraft:stick":168,"minecraft:iron_ingot":154,"minecraft:iron_pickaxe":7,"minecraft:iron_block":3,"minecraft:gold_ingot":57,"minecraft:oak_door":3,"minecraft:diamond_hoe":1,"minecraft:furnace":8,"minecraft:bone_meal":81,"minecraft:iron_axe":3,"minecraft:stone_pickaxe":1,"minecraft:dark_oak_planks":8,"minecraft:cooked_beef":18,"minecraft:red_dye":1,"minecraft:crimson_planks":20,"minecraft:diamond_sword":1,"minecraft:iron_sword":2,"minecraft:bucket":4,"minecraft:stone_axe":1,"minecraft:enchanted_book":3,"minecraft:air":0,"minecraft:oak_fence_gate":3,"minecraft:oak_boat":2,"minecraft:iron_shovel":2,"minecraft:iron_leggings":4,"minecraft:anvil":1,"minecraft:white_bed":9,"minecraft:torch":4,"minecraft:golden_hoe":2},"minecraft:broken":{"minecraft:iron_shovel":3,"minecraft:iron_boots":1,"minecraft:golden_shovel":1,"minecraft:stone_pickaxe":1,"minecraft:iron_sword":1,"minecraft:shield":1,"minecraft:iron_axe":4,"minecraft:iron_pickaxe":3,"minecraft:iron_helmet":2},"minecraft:used":{"minecraft:peony":2,"minecraft:beetroot":4,"minecraft:cherry_sapling":7,"minecraft:nether_brick_fence":2,"minecraft:iron_shovel":530,"minecraft:dispenser":2,"minecraft:diamond_hoe":367,"minecraft:chest":1,"minecraft:shield":114,"minecraft:iron_sword":443,"minecraft:rotten_flesh":39,"minecraft:iron_chestplate":7,"minecraft:mutton":2,"minecraft:jungle_planks":7,"minecraft:nether_bricks":2,"minecraft:carrot":491,"minecraft:lava_bucket":1,"minecraft:birch_sapling":1,"minecraft:bow":1,"minecraft:furnace":17,"minecraft:cooked_cod":1,"minecraft:egg":2,"minecraft:potato":476,"minecraft:oak_planks":102,"minecraft:stone_pickaxe":131,"minecraft:wooden_pickaxe":6,"minecraft:sugar_cane":182,"minecraft:diamond_axe":32,"minecraft:cookie":75,"minecraft:sand":18,"minecraft:blast_furnace":2,"minecraft:melon_slice":60,"minecraft:bread":15,"minecraft:lectern":255,"minecraft:diamond_sword":490,"minecraft:oak_boat":17,"minecraft:bone_meal":124,"minecraft:golden_pickaxe":5,"minecraft:experience_bottle":1,"minecraft:oak_fence":113,"minecraft:flint_and_steel":1,"minecraft:cooked_salmon":4,"minecraft:cooked_chicken":13,"minecraft:oak_door":2,"minecraft:torch":15,"minecraft:dirt":447,"minecraft:anvil":1,"minecraft:golden_chestplate":7,"minecraft:golden_shovel":33,"minecraft:oak_fence_gate":4,"minecraft:iron_axe":925,"minecraft:iron_boots":1,"minecraft:bamboo":26,"minecraft:beef":1,"minecraft:cooked_beef":5,"minecraft:cobbled_deepslate":4,"minecraft:iron_leggings":3,"minecraft:wheat_seeds":191,"minecraft:cooked_mutton":23,"minecraft:water_bucket":121,"minecraft:birch_planks":28,"minecraft:baked_potato":21,"minecraft:cartography_table":2,"minecraft:fletching_table":1,"minecraft:mossy_cobblestone":5,"minecraft:oak_slab":4,"minecraft:crafting_table":14,"minecraft:spider_eye":1,"minecraft:white_bed":59,"minecraft:smoker":3,"minecraft:oak_log":3,"minecraft:mud":6,"minecraft:diamond_pickaxe":134,"minecraft:apple":4,"minecraft:oxeye_daisy":1,"minecraft:diamond_shovel":243,"minecraft:mangrove_propagule":1,"minecraft:iron_pickaxe":907,"minecraft:suspicious_stew":2,"minecraft:chiseled_stone_bricks":1,"minecraft:stone_axe":50,"minecraft:pink_petals":74,"minecraft:cobblestone":195,"minecraft:porkchop":3,"minecraft:cooked_porkchop":10,"minecraft:bucket":127,"minecraft:pumpkin_pie":42,"minecraft:yellow_bed":11},"minecraft:mined":{"minecraft:dark_oak_planks":2,"minecraft:white_bed":52,"minecraft:farmland":30,"minecraft:cherry_log":19,"minecraft:cobblestone_stairs":1,"minecraft:jungle_leaves":1,"minecraft:brewing_stand":2,"minecraft:granite":6,"minecraft:grass_block":381,"minecraft:composter":2,"minecraft:oxeye_daisy":1,"minecraft:nether_wart":40,"minecraft:chiseled_stone_bricks":1,"minecraft:spawner":1,"minecraft:tall_seagrass":5,"minecraft:iron_ore":81,"minecraft:cobbled_deepslate":9,"minecraft:sticky_piston":3,"minecraft:fire":4,"minecraft:deepslate_lapis_ore":25,"minecraft:fletching_table":1,"minecraft:azure_bluet":2,"minecraft:dirt_path":129,"minecraft:oak_stairs":189,"minecraft:tripwire":2,"minecraft:deepslate_redstone_ore":6,"minecraft:kelp_plant":1,"minecraft:smoker":2,"minecraft:soul_fire":2,"minecraft:clay":12,"minecraft:torch":7,"minecraft:melon":3,"minecraft:dead_bush":2,"minecraft:cobblestone":190,"minecraft:oak_planks":144,"minecraft:sugar_cane":373,"minecraft:wall_torch":2,"minecraft:pink_petals":54,"minecraft:white_terracotta":47,"minecraft:seagrass":6,"minecraft:mud":16,"minecraft:birch_log":9,"minecraft:wheat":58,"minecraft:grass":657,"minecraft:oak_log":147,"minecraft:beetroots":2,"minecraft:oak_fence_gate":1,"minecraft:sand":139,"minecraft:dirt":92,"minecraft:tripwire_hook":1,"minecraft:dispenser":2,"minecraft:netherrack":82,"minecraft:deepslate":180,"minecraft:oak_leaves":37,"minecraft:suspicious_gravel":1,"minecraft:tuff":11,"minecraft:mossy_cobblestone":31,"minecraft:dark_oak_leaves":2,"minecraft:deepslate_diamond_ore":19,"minecraft:oak_door":5,"minecraft:cherry_sapling":1,"minecraft:dark_oak_log":5,"minecraft:mangrove_roots":2,"minecraft:nether_bricks":2,"minecraft:glow_lichen":1,"minecraft:jungle_planks":5,"minecraft:redstone_wire":10,"minecraft:cartography_table":2,"minecraft:sandstone":5,"minecraft:mangrove_propagule":3,"minecraft:crimson_stem":5,"minecraft:oak_trapdoor":2,"minecraft:furnace":16,"minecraft:carrots":150,"minecraft:andesite":1,"minecraft:peony":2,"minecraft:nether_brick_fence":18,"minecraft:potatoes":143,"minecraft:deepslate_iron_ore":36,"minecraft:stripped_oak_log":32,"minecraft:bamboo":20,"minecraft:stone":186,"minecraft:oak_slab":13,"minecraft:glass_pane":14,"minecraft:soul_sand":12,"minecraft:dandelion":7,"minecraft:oak_fence":43,"minecraft:crafting_table":13,"minecraft:emerald_ore":2,"minecraft:lectern":253,"minecraft:tall_grass":70,"minecraft:lapis_ore":1,"minecraft:deepslate_gold_ore":36,"minecraft:diorite":3,"minecraft:birch_planks":12,"minecraft:birch_leaves":13,"minecraft:mangrove_leaves":14,"minecraft:yellow_bed":12,"minecraft:coal_ore":109,"minecraft:cherry_leaves":8,"minecraft:gravel":6,"minecraft:dripstone_block":2,"minecraft:gold_ore":6,"minecraft:fern":3},"minecraft:killed_by":{"minecraft:zombified_piglin":1,"minecraft:creeper":3,"minecraft:blaze":2,"minecraft:zombie":2,"minecraft:player":2,"minecraft:enderman":1,"minecraft:iron_golem":6,"minecraft:skeleton":1}},"DataVersion":3465}