{"stats":{"minecraft:killed":{"minecraft:pig":2,"minecraft:spider":1,"minecraft:creeper":1,"minecraft:skeleton":7,"minecraft:sheep":9,"minecraft:zombie":6,"minecraft:chicken":6,"minecraft:cow":5},"minecraft:dropped":{"minecraft:water_bucket":1,"minecraft:stone_axe":1,"minecraft:wheat_seeds":50,"minecraft:cooked_beef":5,"minecraft:oak_log":6,"minecraft:mossy_cobblestone":9,"minecraft:shield":2,"minecraft:gunpowder":1,"minecraft:diorite":1,"minecraft:andesite":1,"minecraft:iron_axe":1,"minecraft:wooden_pickaxe":1,"minecraft:iron_pickaxe":2,"minecraft:string":2},"minecraft:killed_by":{"minecraft:creeper":1,"minecraft:zombie":1},"minecraft:mined":{"minecraft:mossy_cobblestone":9,"minecraft:jungle_leaves":1,"minecraft:crafting_table":5,"minecraft:grass_block":2,"minecraft:melon":2,"minecraft:redstone_wire":10,"minecraft:tall_grass":18,"minecraft:cobblestone":17,"minecraft:sugar_cane":3,"minecraft:diorite":1,"minecraft:seagrass":2,"minecraft:tall_seagrass":3,"minecraft:furnace":10,"minecraft:birch_log":1,"minecraft:iron_ore":52,"minecraft:sticky_piston":3,"minecraft:andesite":1,"minecraft:grass":194,"minecraft:oak_log":26,"minecraft:coal_ore":97,"minecraft:dirt":7,"minecraft:tripwire_hook":1,"minecraft:stone":65,"minecraft:tripwire":2,"minecraft:oak_leaves":6,"minecraft:fern":3},"minecraft:used":{"minecraft:cooked_mutton":8,"minecraft:water_bucket":7,"minecraft:stone_pickaxe":131,"minecraft:wooden_pickaxe":6,"minecraft:shield":23,"minecraft:iron_sword":78,"minecraft:cooked_chicken":4,"minecraft:rotten_flesh":2,"minecraft:dirt":41,"minecraft:crafting_table":6,"minecraft:spider_eye":1,"minecraft:oak_log":2,"minecraft:apple":1,"minecraft:melon_slice":2,"minecraft:iron_axe":9,"minecraft:iron_pickaxe":123,"minecraft:stone_axe":50,"minecraft:cobblestone":38,"minecraft:furnace":12,"minecraft:cooked_porkchop":3,"minecraft:bucket":9},"minecraft:picked_up":{"minecraft:birch_log":1,"minecraft:crafting_table":5,"minecraft:feather":6,"minecraft:chicken":5,"minecraft:tripwire_hook":2,"minecraft:andesite":1,"minecraft:leather":4,"minecraft:oak_log":30,"minecraft:shield":1,"minecraft:gunpowder":1,"minecraft:dirt":60,"minecraft:string":2,"minecraft:iron_axe":1,"minecraft:sticky_piston":3,"minecraft:bone":9,"minecraft:apple":1,"minecraft:bow":1,"minecraft:wheat_seeds":54,"minecraft:beef":11,"minecraft:cooked_chicken":1,"minecraft:iron_pickaxe":1,"minecraft:melon_slice":10,"minecraft:sugar_cane":9,"minecraft:oak_planks":16,"minecraft:furnace":9,"minecraft:stick":15,"minecraft:raw_iron":52,"minecraft:porkchop":3,"minecraft:diorite":1,"minecraft:redstone":10,"minecraft:mossy_cobblestone":9,"minecraft:spider_eye":1,"minecraft:arrow":5,"minecraft:rotten_flesh":4,"minecraft:oak_sapling":17,"minecraft:mutton":12,"minecraft:coal":118,"minecraft:white_wool":9,"minecraft:cobblestone":78},"minecraft:broken":{"minecraft:stone_pickaxe":1},"minecraft:crafted":{"minecraft:cooked_beef":10,"minecraft:oak_planks":88,"minecraft:cooked_porkchop":4,"minecraft:crafting_table":2,"minecraft:iron_helmet":2,"minecraft:wooden_pickaxe":1,"minecraft:cooked_chicken":4,"minecraft:iron_sword":1,"minecraft:furnace":4,"minecraft:bucket":2,"minecraft:birch_planks":4,"minecraft:stone_axe":1,"minecraft:cooked_mutton":8,"minecraft:air":0,"minecraft:iron_chestplate":2,"minecraft:shield":2,"minecraft:iron_axe":1,"minecraft:stick":40,"minecraft:iron_ingot":52,"minecraft:iron_pickaxe":4,"minecraft:stone_pickaxe":1},"minecraft:custom":{"minecraft:interact_with_furnace":71,"minecraft:mob_kills":37,"minecraft:interact_with_crafting_table":23,"minecraft:leave_game":4,"minecraft:time_since_death":2361,"minecraft:climb_one_cm":5737,"minecraft:time_since_rest":2391,"minecraft:sprint_one_cm":160032,"minecraft:damage_taken":1764,"minecraft:walk_one_cm":106066,"minecraft:damage_blocked_by_shield":1440,"minecraft:drop":21,"minecraft:damage_dealt":4913,"minecraft:swim_one_cm":10146,"minecraft:player_kills":1,"minecraft:fly_one_cm":299285,"minecraft:crouch_one_cm":9038,"minecraft:play_time":66295,"minecraft:deaths":2,"minecraft:sneak_time":3501,"minecraft:walk_under_water_one_cm":1319,"minecraft:jump":1725,"minecraft:walk_on_water_one_cm":4028,"minecraft:total_world_time":66295,"minecraft:fall_one_cm":51645}},"DataVersion":3465}