{"stats":{"minecraft:dropped":{"minecraft:wooden_pickaxe":1},"minecraft:mined":{"minecraft:crafting_table":1,"minecraft:grass":9,"minecraft:oak_log":19,"minecraft:grass_block":1,"minecraft:coal_ore":62,"minecraft:dirt":6,"minecraft:stone":50,"minecraft:oak_leaves":6},"minecraft:crafted":{"minecraft:oak_planks":20,"minecraft:crafting_table":1,"minecraft:stick":12,"minecraft:wooden_pickaxe":1,"minecraft:stone_pickaxe":1,"minecraft:stone_axe":1},"minecraft:killed":{"minecraft:skeleton":1,"minecraft:creeper":1},"minecraft:picked_up":{"minecraft:stick":5,"minecraft:crafting_table":1,"minecraft:oak_log":19,"minecraft:gunpowder":1,"minecraft:dirt":58,"minecraft:bone":1,"minecraft:apple":1,"minecraft:bow":1,"minecraft:wheat_seeds":5,"minecraft:oak_sapling":14,"minecraft:coal":62,"minecraft:cobblestone":50},"minecraft:killed_by":{"minecraft:creeper":1},"minecraft:custom":{"minecraft:time_since_rest":11841,"minecraft:sprint_one_cm":24754,"minecraft:damage_taken":405,"minecraft:walk_one_cm":17824,"minecraft:mob_kills":2,"minecraft:drop":1,"minecraft:damage_dealt":410,"minecraft:interact_with_crafting_table":4,"minecraft:fly_one_cm":39166,"minecraft:crouch_one_cm":3122,"minecraft:play_time":13547,"minecraft:deaths":1,"minecraft:sneak_time":1275,"minecraft:jump":238,"minecraft:leave_game":3,"minecraft:walk_on_water_one_cm":330,"minecraft:time_since_death":11817,"minecraft:total_world_time":13547,"minecraft:fall_one_cm":6292},"minecraft:used":{"minecraft:oak_log":2,"minecraft:stone_pickaxe":107,"minecraft:wooden_pickaxe":6,"minecraft:stone_axe":20,"minecraft:dirt":39,"minecraft:crafting_table":1}},"DataVersion":3465}