{"stats":{"minecraft:killed":{"minecraft:spider":4,"minecraft:skeleton":10,"minecraft:chicken":12,"minecraft:pig":9,"minecraft:iron_golem":1,"minecraft:frog":1,"minecraft:creeper":1,"minecraft:sheep":10,"minecraft:zombie":10,"minecraft:cow":8},"minecraft:dropped":{"minecraft:water_bucket":3,"minecraft:porkchop":23,"minecraft:wheat_seeds":52,"minecraft:lapis_lazuli":6,"minecraft:cooked_beef":5,"minecraft:oak_log":6,"minecraft:tnt":5,"minecraft:mossy_cobblestone":10,"minecraft:dark_oak_sapling":1,"minecraft:poisonous_potato":3,"minecraft:mangrove_propagule":2,"minecraft:feather":9,"minecraft:cobblestone":6,"minecraft:leather":4,"minecraft:jungle_planks":42,"minecraft:coal":9,"minecraft:stick":2,"minecraft:emerald":26,"minecraft:dirt":6,"minecraft:dark_oak_log":2,"minecraft:diorite":1,"minecraft:dispenser":2,"minecraft:torch":2,"minecraft:melon_slice":1,"minecraft:cooked_cod":5,"minecraft:potion":1,"minecraft:iron_leggings":1,"minecraft:gold_nugget":6,"minecraft:golden_hoe":3,"minecraft:heart_of_the_sea":2,"minecraft:sand":6,"minecraft:iron_axe":1,"minecraft:mud":10,"minecraft:iron_pickaxe":2,"minecraft:paper":2,"minecraft:string":2,"minecraft:tripwire_hook":2,"minecraft:bucket":1,"minecraft:gold_ingot":13,"minecraft:bone":18,"minecraft:gravel":1,"minecraft:furnace":2,"minecraft:stone_axe":1,"minecraft:mangrove_roots":2,"minecraft:lever":1,"minecraft:iron_nugget":16,"minecraft:bowl":1,"minecraft:sticky_piston":3,"minecraft:chicken":22,"minecraft:rotten_flesh":23,"minecraft:iron_boots":1,"minecraft:chiseled_stone_bricks":1,"minecraft:filled_map":4,"minecraft:hay_block":1,"minecraft:shield":2,"minecraft:gunpowder":1,"minecraft:andesite":1,"minecraft:chest":2,"minecraft:bamboo":14,"minecraft:sandstone":5,"minecraft:wooden_pickaxe":1,"minecraft:beef":7,"minecraft:netherrack":1},"minecraft:killed_by":{"minecraft:creeper":2,"minecraft:zombie":1},"minecraft:mined":{"minecraft:white_bed":5,"minecraft:mossy_cobblestone":10,"minecraft:dark_oak_leaves":1,"minecraft:jungle_leaves":1,"minecraft:mangrove_roots":2,"minecraft:brewing_stand":2,"minecraft:glow_lichen":1,"minecraft:grass_block":3,"minecraft:redstone_wire":10,"minecraft:sandstone":5,"minecraft:mangrove_propagule":3,"minecraft:chiseled_stone_bricks":1,"minecraft:tall_seagrass":4,"minecraft:furnace":10,"minecraft:iron_ore":52,"minecraft:sticky_piston":3,"minecraft:andesite":1,"minecraft:bamboo":1,"minecraft:stone":70,"minecraft:tripwire":2,"minecraft:crafting_table":8,"minecraft:emerald_ore":2,"minecraft:melon":3,"minecraft:dead_bush":2,"minecraft:tall_grass":18,"minecraft:cobblestone":18,"minecraft:sugar_cane":8,"minecraft:oak_planks":3,"minecraft:diorite":1,"minecraft:seagrass":3,"minecraft:mud":16,"minecraft:birch_log":1,"minecraft:mangrove_leaves":14,"minecraft:grass":292,"minecraft:oak_log":26,"minecraft:coal_ore":97,"minecraft:sand":19,"minecraft:gravel":3,"minecraft:dirt":7,"minecraft:tripwire_hook":1,"minecraft:dispenser":2,"minecraft:netherrack":29,"minecraft:oak_leaves":10,"minecraft:fern":3,"minecraft:suspicious_gravel":1},"minecraft:used":{"minecraft:iron_shovel":20,"minecraft:dispenser":2,"minecraft:iron_sword":201,"minecraft:shield":26,"minecraft:cooked_salmon":4,"minecraft:cooked_chicken":5,"minecraft:rotten_flesh":2,"minecraft:dirt":42,"minecraft:golden_shovel":1,"minecraft:iron_axe":14,"minecraft:furnace":12,"minecraft:cooked_cod":1,"minecraft:cooked_beef":5,"minecraft:iron_leggings":1,"minecraft:cooked_mutton":8,"minecraft:water_bucket":85,"minecraft:stone_pickaxe":131,"minecraft:oak_planks":8,"minecraft:wooden_pickaxe":6,"minecraft:mossy_cobblestone":5,"minecraft:sand":14,"minecraft:crafting_table":8,"minecraft:spider_eye":1,"minecraft:white_bed":5,"minecraft:oak_log":2,"minecraft:mud":6,"minecraft:apple":1,"minecraft:bread":3,"minecraft:mangrove_propagule":1,"minecraft:melon_slice":6,"minecraft:suspicious_stew":1,"minecraft:iron_pickaxe":172,"minecraft:stone_axe":50,"minecraft:chiseled_stone_bricks":1,"minecraft:cobblestone":38,"minecraft:cooked_porkchop":8,"minecraft:bucket":87,"minecraft:oak_boat":12,"minecraft:experience_bottle":1},"minecraft:picked_up":{"minecraft:mud":16,"minecraft:crafting_table":8,"minecraft:chicken":26,"minecraft:leather_leggings":1,"minecraft:brewing_stand":2,"minecraft:shield":1,"minecraft:string":5,"minecraft:iron_axe":1,"minecraft:sticky_piston":6,"minecraft:beef":18,"minecraft:oak_boat":12,"minecraft:iron_nugget":8,"minecraft:iron_pickaxe":1,"minecraft:chest":2,"minecraft:melon_slice":17,"minecraft:sugar_cane":22,"minecraft:furnace":11,"minecraft:dark_oak_sapling":1,"minecraft:stick":18,"minecraft:raw_iron":52,"minecraft:sandstone":5,"minecraft:porkchop":26,"minecraft:diorite":1,"minecraft:redstone":10,"minecraft:tnt":5,"minecraft:arrow":28,"minecraft:rotten_flesh":4,"minecraft:golden_hoe":2,"minecraft:hay_block":1,"minecraft:mangrove_roots":2,"minecraft:mutton":12,"minecraft:white_wool":9,"minecraft:cobblestone":84,"minecraft:birch_log":1,"minecraft:feather":7,"minecraft:tripwire_hook":2,"minecraft:water_bucket":1,"minecraft:andesite":1,"minecraft:leather":8,"minecraft:filled_map":1,"minecraft:oak_log":30,"minecraft:gunpowder":1,"minecraft:dirt":67,"minecraft:bone":11,"minecraft:apple":1,"minecraft:bow":1,"minecraft:wheat_seeds":58,"minecraft:iron_ingot":6,"minecraft:cooked_chicken":1,"minecraft:bamboo":11,"minecraft:oak_planks":63,"minecraft:chiseled_stone_bricks":1,"minecraft:dandelion":1,"minecraft:poisonous_potato":3,"minecraft:gravel":1,"minecraft:sand":20,"minecraft:jungle_planks":42,"minecraft:white_bed":3,"minecraft:dark_oak_log":2,"minecraft:spider_eye":1,"minecraft:mossy_cobblestone":10,"minecraft:leather_helmet":1,"minecraft:dispenser":4,"minecraft:bread":28,"minecraft:emerald":2,"minecraft:oak_sapling":17,"minecraft:netherrack":1,"minecraft:mangrove_propagule":3,"minecraft:coal":182},"minecraft:broken":{"minecraft:stone_pickaxe":1},"minecraft:crafted":{"minecraft:oak_planks":88,"minecraft:cooked_chicken":5,"minecraft:furnace":4,"minecraft:cooked_mutton":8,"minecraft:iron_boots":2,"minecraft:iron_axe":2,"minecraft:stone_pickaxe":1,"minecraft:cooked_beef":10,"minecraft:cooked_porkchop":8,"minecraft:crafting_table":3,"minecraft:wooden_pickaxe":1,"minecraft:iron_helmet":2,"minecraft:iron_sword":1,"minecraft:bucket":2,"minecraft:birch_planks":4,"minecraft:stone_axe":1,"minecraft:air":0,"minecraft:oak_boat":1,"minecraft:iron_chestplate":2,"minecraft:shield":2,"minecraft:stick":44,"minecraft:iron_pickaxe":4,"minecraft:iron_ingot":52,"minecraft:iron_shovel":1,"minecraft:iron_leggings":2,"minecraft:white_bed":3,"minecraft:golden_hoe":2},"minecraft:custom":{"minecraft:mob_kills":66,"minecraft:interact_with_crafting_table":36,"minecraft:bell_ring":10,"minecraft:leave_game":6,"minecraft:time_since_death":4213,"minecraft:climb_one_cm":10780,"minecraft:sprint_one_cm":346548,"minecraft:walk_one_cm":208849,"minecraft:damage_blocked_by_shield":1920,"minecraft:drop":94,"minecraft:talked_to_villager":2,"minecraft:play_time":154877,"minecraft:deaths":3,"minecraft:sneak_time":6993,"minecraft:walk_under_water_one_cm":47398,"minecraft:boat_one_cm":653684,"minecraft:jump":3759,"minecraft:walk_on_water_one_cm":33328,"minecraft:total_world_time":154877,"minecraft:interact_with_furnace":75,"minecraft:interact_with_cartography_table":1,"minecraft:sleep_in_bed":7,"minecraft:time_since_rest":4313,"minecraft:damage_taken":3238,"minecraft:damage_dealt":9043,"minecraft:player_kills":1,"minecraft:swim_one_cm":123961,"minecraft:fly_one_cm":1170102,"minecraft:open_chest":39,"minecraft:crouch_one_cm":13532,"minecraft:fall_one_cm":96784,"minecraft:inspect_dispenser":3}},"DataVersion":3465}