{"stats":{"minecraft:killed":{"minecraft:pig":2,"minecraft:spider":1,"minecraft:creeper":1,"minecraft:skeleton":4,"minecraft:sheep":9,"minecraft:zombie":4,"minecraft:chicken":6,"minecraft:cow":3},"minecraft:dropped":{"minecraft:stone_axe":1,"minecraft:cooked_beef":2,"minecraft:oak_log":6,"minecraft:shield":2,"minecraft:iron_axe":1,"minecraft:wooden_pickaxe":1,"minecraft:iron_pickaxe":2,"minecraft:string":1},"minecraft:killed_by":{"minecraft:creeper":1},"minecraft:mined":{"minecraft:mossy_cobblestone":8,"minecraft:crafting_table":5,"minecraft:grass_block":2,"minecraft:redstone_wire":10,"minecraft:tall_grass":17,"minecraft:cobblestone":15,"minecraft:sugar_cane":3,"minecraft:diorite":1,"minecraft:furnace":8,"minecraft:birch_log":1,"minecraft:iron_ore":52,"minecraft:sticky_piston":3,"minecraft:andesite":1,"minecraft:grass":138,"minecraft:oak_log":26,"minecraft:coal_ore":97,"minecraft:dirt":7,"minecraft:tripwire_hook":1,"minecraft:stone":65,"minecraft:tripwire":2,"minecraft:oak_leaves":6},"minecraft:used":{"minecraft:cooked_mutton":5,"minecraft:water_bucket":3,"minecraft:stone_pickaxe":131,"minecraft:wooden_pickaxe":6,"minecraft:shield":9,"minecraft:iron_sword":56,"minecraft:cooked_chicken":1,"minecraft:rotten_flesh":2,"minecraft:dirt":41,"minecraft:crafting_table":5,"minecraft:spider_eye":1,"minecraft:oak_log":2,"minecraft:apple":1,"minecraft:iron_axe":9,"minecraft:iron_pickaxe":118,"minecraft:stone_axe":50,"minecraft:cobblestone":27,"minecraft:furnace":10,"minecraft:cooked_porkchop":3,"minecraft:bucket":5},"minecraft:picked_up":{"minecraft:birch_log":1,"minecraft:crafting_table":5,"minecraft:feather":6,"minecraft:chicken":5,"minecraft:tripwire_hook":2,"minecraft:andesite":1,"minecraft:leather":1,"minecraft:oak_log":30,"minecraft:shield":1,"minecraft:gunpowder":1,"minecraft:dirt":60,"minecraft:string":2,"minecraft:iron_axe":1,"minecraft:sticky_piston":3,"minecraft:bone":6,"minecraft:apple":1,"minecraft:bow":1,"minecraft:wheat_seeds":24,"minecraft:beef":6,"minecraft:cooked_chicken":1,"minecraft:iron_pickaxe":1,"minecraft:sugar_cane":9,"minecraft:oak_planks":16,"minecraft:furnace":8,"minecraft:stick":15,"minecraft:raw_iron":52,"minecraft:porkchop":3,"minecraft:diorite":1,"minecraft:redstone":10,"minecraft:mossy_cobblestone":8,"minecraft:spider_eye":1,"minecraft:rotten_flesh":2,"minecraft:oak_sapling":17,"minecraft:mutton":12,"minecraft:coal":118,"minecraft:white_wool":9,"minecraft:cobblestone":76},"minecraft:broken":{"minecraft:stone_pickaxe":1},"minecraft:crafted":{"minecraft:cooked_beef":2,"minecraft:oak_planks":68,"minecraft:cooked_porkchop":3,"minecraft:crafting_table":2,"minecraft:iron_helmet":1,"minecraft:wooden_pickaxe":1,"minecraft:cooked_chicken":3,"minecraft:iron_sword":1,"minecraft:furnace":4,"minecraft:bucket":2,"minecraft:stone_axe":1,"minecraft:cooked_mutton":8,"minecraft:air":0,"minecraft:iron_chestplate":1,"minecraft:shield":2,"minecraft:iron_axe":1,"minecraft:stick":32,"minecraft:iron_ingot":52,"minecraft:iron_pickaxe":2,"minecraft:stone_pickaxe":1},"minecraft:custom":{"minecraft:interact_with_furnace":44,"minecraft:mob_kills":30,"minecraft:interact_with_crafting_table":22,"minecraft:leave_game":4,"minecraft:time_since_death":52565,"minecraft:climb_one_cm":817,"minecraft:time_since_rest":52589,"minecraft:sprint_one_cm":119017,"minecraft:damage_taken":1033,"minecraft:walk_one_cm":88640,"minecraft:damage_blocked_by_shield":585,"minecraft:drop":10,"minecraft:damage_dealt":3821,"minecraft:swim_one_cm":5058,"minecraft:player_kills":1,"minecraft:fly_one_cm":210451,"minecraft:crouch_one_cm":8767,"minecraft:play_time":54295,"minecraft:deaths":1,"minecraft:sneak_time":3386,"minecraft:walk_under_water_one_cm":713,"minecraft:jump":1232,"minecraft:walk_on_water_one_cm":2015,"minecraft:total_world_time":54295,"minecraft:fall_one_cm":36593}},"DataVersion":3465}