{"stats":{"minecraft:dropped":{"minecraft:shield":1,"minecraft:iron_axe":1,"minecraft:wooden_pickaxe":1,"minecraft:iron_pickaxe":1,"minecraft:string":1},"minecraft:mined":{"minecraft:crafting_table":4,"minecraft:grass_block":2,"minecraft:tall_grass":17,"minecraft:cobblestone":8,"minecraft:sugar_cane":3,"minecraft:diorite":1,"minecraft:furnace":5,"minecraft:iron_ore":52,"minecraft:andesite":1,"minecraft:grass":126,"minecraft:oak_log":19,"minecraft:coal_ore":97,"minecraft:dirt":7,"minecraft:stone":65,"minecraft:oak_leaves":6},"minecraft:crafted":{"minecraft:cooked_beef":2,"minecraft:oak_planks":68,"minecraft:cooked_porkchop":3,"minecraft:crafting_table":2,"minecraft:iron_helmet":1,"minecraft:wooden_pickaxe":1,"minecraft:cooked_chicken":1,"minecraft:iron_sword":1,"minecraft:furnace":3,"minecraft:bucket":2,"minecraft:stone_axe":1,"minecraft:cooked_mutton":3,"minecraft:air":0,"minecraft:iron_chestplate":1,"minecraft:shield":2,"minecraft:iron_axe":1,"minecraft:stick":32,"minecraft:iron_ingot":52,"minecraft:iron_pickaxe":2,"minecraft:stone_pickaxe":1},"minecraft:killed":{"minecraft:pig":2,"minecraft:spider":1,"minecraft:creeper":1,"minecraft:sheep":5,"minecraft:skeleton":4,"minecraft:zombie":4,"minecraft:chicken":3,"minecraft:cow":3},"minecraft:picked_up":{"minecraft:crafting_table":2,"minecraft:feather":2,"minecraft:chicken":3,"minecraft:andesite":1,"minecraft:leather":1,"minecraft:oak_log":19,"minecraft:gunpowder":1,"minecraft:dirt":60,"minecraft:string":1,"minecraft:bone":6,"minecraft:apple":1,"minecraft:bow":1,"minecraft:wheat_seeds":21,"minecraft:beef":6,"minecraft:sugar_cane":6,"minecraft:furnace":5,"minecraft:stick":7,"minecraft:raw_iron":52,"minecraft:porkchop":3,"minecraft:diorite":1,"minecraft:spider_eye":1,"minecraft:rotten_flesh":2,"minecraft:oak_sapling":16,"minecraft:mutton":7,"minecraft:coal":118,"minecraft:white_wool":5,"minecraft:cobblestone":69},"minecraft:killed_by":{"minecraft:creeper":1},"minecraft:custom":{"minecraft:interact_with_furnace":34,"minecraft:mob_kills":23,"minecraft:interact_with_crafting_table":17,"minecraft:leave_game":4,"minecraft:time_since_death":41179,"minecraft:time_since_rest":41203,"minecraft:sprint_one_cm":82827,"minecraft:damage_taken":710,"minecraft:walk_one_cm":59619,"minecraft:damage_blocked_by_shield":330,"minecraft:drop":5,"minecraft:damage_dealt":3054,"minecraft:fly_one_cm":148591,"minecraft:crouch_one_cm":6699,"minecraft:play_time":42909,"minecraft:deaths":1,"minecraft:sneak_time":2698,"minecraft:jump":911,"minecraft:walk_on_water_one_cm":950,"minecraft:total_world_time":42909,"minecraft:fall_one_cm":27415},"minecraft:broken":{"minecraft:stone_pickaxe":1},"minecraft:used":{"minecraft:stone_pickaxe":131,"minecraft:wooden_pickaxe":6,"minecraft:shield":5,"minecraft:iron_sword":35,"minecraft:cooked_chicken":1,"minecraft:rotten_flesh":2,"minecraft:dirt":41,"minecraft:crafting_table":4,"minecraft:spider_eye":1,"minecraft:oak_log":2,"minecraft:apple":1,"minecraft:iron_pickaxe":93,"minecraft:stone_axe":50,"minecraft:cobblestone":8,"minecraft:furnace":7,"minecraft:cooked_porkchop":3}},"DataVersion":3465}