{"stats":{"minecraft:killed":{"minecraft:spider":9,"minecraft:skeleton":12,"minecraft:chicken":12,"minecraft:pig":9,"minecraft:iron_golem":2,"minecraft:frog":1,"minecraft:creeper":1,"minecraft:sheep":12,"minecraft:trader_llama":2,"minecraft:zombie":21,"minecraft:cow":8},"minecraft:dropped":{"minecraft:bread":23,"minecraft:water_bucket":3,"minecraft:iron_ingot":15,"minecraft:porkchop":23,"minecraft:wheat_seeds":55,"minecraft:lapis_lazuli":6,"minecraft:cooked_beef":13,"minecraft:oak_log":6,"minecraft:tnt":5,"minecraft:mossy_cobblestone":10,"minecraft:dark_oak_sapling":1,"minecraft:poisonous_potato":3,"minecraft:mangrove_propagule":2,"minecraft:feather":9,"minecraft:cobblestone":12,"minecraft:leather":4,"minecraft:jungle_planks":42,"minecraft:coal":9,"minecraft:stick":2,"minecraft:emerald":26,"minecraft:dirt":6,"minecraft:dark_oak_log":2,"minecraft:diorite":1,"minecraft:dispenser":6,"minecraft:torch":4,"minecraft:melon_slice":1,"minecraft:cooked_cod":5,"minecraft:fire_charge":2,"minecraft:potion":1,"minecraft:iron_leggings":1,"minecraft:gold_nugget":6,"minecraft:golden_hoe":3,"minecraft:heart_of_the_sea":2,"minecraft:sand":6,"minecraft:iron_axe":1,"minecraft:mud":10,"minecraft:iron_pickaxe":2,"minecraft:paper":2,"minecraft:dark_oak_planks":1,"minecraft:string":4,"minecraft:tripwire_hook":2,"minecraft:bucket":1,"minecraft:dandelion":3,"minecraft:gold_ingot":24,"minecraft:bone":19,"minecraft:gravel":1,"minecraft:furnace":2,"minecraft:stone_axe":1,"minecraft:sugar_cane":17,"minecraft:mangrove_roots":2,"minecraft:lever":1,"minecraft:cooked_chicken":7,"minecraft:iron_nugget":16,"minecraft:bowl":1,"minecraft:sticky_piston":3,"minecraft:raw_iron":6,"minecraft:chicken":22,"minecraft:rotten_flesh":45,"minecraft:iron_boots":1,"minecraft:cooked_mutton":13,"minecraft:chiseled_stone_bricks":1,"minecraft:filled_map":4,"minecraft:hay_block":1,"minecraft:shield":2,"minecraft:gunpowder":2,"minecraft:andesite":1,"minecraft:chest":2,"minecraft:bamboo":19,"minecraft:sandstone":5,"minecraft:wooden_pickaxe":1,"minecraft:beef":7,"minecraft:netherrack":1},"minecraft:killed_by":{"minecraft:creeper":2,"minecraft:zombie":1},"minecraft:mined":{"minecraft:dark_oak_planks":2,"minecraft:farmland":28,"minecraft:white_bed":10,"minecraft:mossy_cobblestone":10,"minecraft:dark_oak_leaves":2,"minecraft:oak_door":1,"minecraft:dark_oak_log":5,"minecraft:jungle_leaves":1,"minecraft:mangrove_roots":2,"minecraft:brewing_stand":2,"minecraft:glow_lichen":1,"minecraft:grass_block":75,"minecraft:jungle_planks":5,"minecraft:redstone_wire":10,"minecraft:composter":2,"minecraft:sandstone":5,"minecraft:mangrove_propagule":3,"minecraft:chiseled_stone_bricks":1,"minecraft:tall_seagrass":5,"minecraft:furnace":14,"minecraft:carrots":8,"minecraft:iron_ore":52,"minecraft:sticky_piston":3,"minecraft:andesite":1,"minecraft:potatoes":7,"minecraft:dirt_path":56,"minecraft:bamboo":3,"minecraft:stone":110,"minecraft:tripwire":2,"minecraft:kelp_plant":1,"minecraft:smoker":2,"minecraft:dandelion":2,"minecraft:clay":12,"minecraft:crafting_table":11,"minecraft:emerald_ore":2,"minecraft:melon":3,"minecraft:dead_bush":2,"minecraft:tall_grass":31,"minecraft:cobblestone":19,"minecraft:sugar_cane":22,"minecraft:oak_planks":8,"minecraft:diorite":1,"minecraft:seagrass":4,"minecraft:birch_planks":3,"minecraft:wheat":12,"minecraft:mud":16,"minecraft:birch_log":9,"minecraft:birch_leaves":6,"minecraft:yellow_bed":5,"minecraft:mangrove_leaves":14,"minecraft:grass":353,"minecraft:oak_log":99,"minecraft:coal_ore":98,"minecraft:beetroots":2,"minecraft:sand":25,"minecraft:gravel":3,"minecraft:dirt":36,"minecraft:tripwire_hook":1,"minecraft:dispenser":2,"minecraft:netherrack":29,"minecraft:oak_leaves":15,"minecraft:fern":3,"minecraft:suspicious_gravel":1},"minecraft:used":{"minecraft:iron_shovel":202,"minecraft:dispenser":2,"minecraft:iron_sword":290,"minecraft:shield":30,"minecraft:cooked_salmon":4,"minecraft:cooked_chicken":5,"minecraft:rotten_flesh":14,"minecraft:oak_door":2,"minecraft:torch":4,"minecraft:dirt":69,"minecraft:carrot":2,"minecraft:golden_shovel":33,"minecraft:iron_axe":135,"minecraft:bamboo":26,"minecraft:furnace":16,"minecraft:cooked_cod":1,"minecraft:cooked_beef":5,"minecraft:iron_leggings":2,"minecraft:cooked_mutton":10,"minecraft:water_bucket":89,"minecraft:birch_planks":28,"minecraft:stone_pickaxe":131,"minecraft:oak_planks":47,"minecraft:wooden_pickaxe":6,"minecraft:sugar_cane":102,"minecraft:mossy_cobblestone":5,"minecraft:sand":14,"minecraft:crafting_table":12,"minecraft:spider_eye":1,"minecraft:white_bed":11,"minecraft:smoker":3,"minecraft:oak_log":3,"minecraft:mud":6,"minecraft:apple":1,"minecraft:bread":12,"minecraft:mangrove_propagule":1,"minecraft:melon_slice":29,"minecraft:suspicious_stew":1,"minecraft:iron_pickaxe":221,"minecraft:stone_axe":50,"minecraft:chiseled_stone_bricks":1,"minecraft:cobblestone":50,"minecraft:cooked_porkchop":9,"minecraft:bucket":92,"minecraft:yellow_bed":5,"minecraft:oak_boat":15,"minecraft:experience_bottle":1},"minecraft:picked_up":{"minecraft:mud":16,"minecraft:iron_chestplate":1,"minecraft:crafting_table":12,"minecraft:chicken":33,"minecraft:clay_ball":44,"minecraft:leather_leggings":1,"minecraft:lead":2,"minecraft:brewing_stand":2,"minecraft:shield":2,"minecraft:string":10,"minecraft:iron_axe":3,"minecraft:sticky_piston":6,"minecraft:iron_shovel":1,"minecraft:beef":18,"minecraft:oak_boat":15,"minecraft:iron_nugget":8,"minecraft:iron_pickaxe":2,"minecraft:chest":2,"minecraft:melon_slice":17,"minecraft:sugar_cane":46,"minecraft:furnace":15,"minecraft:dark_oak_sapling":1,"minecraft:stick":19,"minecraft:raw_iron":53,"minecraft:sandstone":5,"minecraft:oak_door":1,"minecraft:composter":2,"minecraft:torch":2,"minecraft:fire_charge":2,"minecraft:porkchop":37,"minecraft:diorite":1,"minecraft:carrot":17,"minecraft:redstone":10,"minecraft:dark_oak_planks":1,"minecraft:tnt":5,"minecraft:arrow":32,"minecraft:rotten_flesh":23,"minecraft:beetroot_seeds":2,"minecraft:golden_hoe":2,"minecraft:hay_block":1,"minecraft:mangrove_roots":2,"minecraft:mutton":46,"minecraft:white_wool":11,"minecraft:cobblestone":129,"minecraft:birch_log":9,"minecraft:feather":7,"minecraft:tripwire_hook":2,"minecraft:water_bucket":2,"minecraft:andesite":1,"minecraft:leather":10,"minecraft:potato":10,"minecraft:smoker":2,"minecraft:birch_planks":3,"minecraft:filled_map":1,"minecraft:oak_log":100,"minecraft:yellow_bed":5,"minecraft:gunpowder":2,"minecraft:dirt":249,"minecraft:cooked_mutton":3,"minecraft:bone":19,"minecraft:apple":1,"minecraft:bow":1,"minecraft:wheat_seeds":88,"minecraft:iron_ingot":25,"minecraft:cooked_chicken":1,"minecraft:bamboo":13,"minecraft:iron_sword":1,"minecraft:oak_planks":67,"minecraft:chiseled_stone_bricks":1,"minecraft:dandelion":4,"minecraft:poisonous_potato":3,"minecraft:gravel":1,"minecraft:sand":23,"minecraft:jungle_planks":48,"minecraft:white_bed":8,"minecraft:dark_oak_log":7,"minecraft:spider_eye":2,"minecraft:mossy_cobblestone":10,"minecraft:leather_helmet":1,"minecraft:dispenser":8,"minecraft:iron_helmet":1,"minecraft:bread":28,"minecraft:emerald":4,"minecraft:oak_sapling":17,"minecraft:netherrack":1,"minecraft:mangrove_propagule":3,"minecraft:coal":205},"minecraft:broken":{"minecraft:golden_shovel":1,"minecraft:stone_pickaxe":1},"minecraft:crafted":{"minecraft:oak_door":3,"minecraft:oak_planks":120,"minecraft:cooked_chicken":12,"minecraft:furnace":8,"minecraft:cooked_mutton":31,"minecraft:iron_boots":3,"minecraft:iron_axe":2,"minecraft:stone_pickaxe":1,"minecraft:dark_oak_planks":8,"minecraft:smoker":1,"minecraft:cooked_beef":18,"minecraft:cooked_porkchop":19,"minecraft:crafting_table":3,"minecraft:wooden_pickaxe":1,"minecraft:iron_helmet":2,"minecraft:iron_sword":1,"minecraft:bucket":2,"minecraft:birch_planks":36,"minecraft:stone_axe":1,"minecraft:air":0,"minecraft:oak_boat":1,"minecraft:iron_chestplate":2,"minecraft:shield":2,"minecraft:stick":72,"minecraft:iron_pickaxe":4,"minecraft:iron_ingot":52,"minecraft:gold_ingot":9,"minecraft:iron_shovel":1,"minecraft:iron_leggings":2,"minecraft:white_bed":3,"minecraft:torch":4,"minecraft:golden_hoe":2},"minecraft:custom":{"minecraft:mob_kills":89,"minecraft:interact_with_crafting_table":43,"minecraft:bell_ring":10,"minecraft:leave_game":7,"minecraft:time_since_death":66236,"minecraft:climb_one_cm":10780,"minecraft:sprint_one_cm":526601,"minecraft:walk_one_cm":332782,"minecraft:damage_blocked_by_shield":2190,"minecraft:drop":123,"minecraft:talked_to_villager":3,"minecraft:play_time":216900,"minecraft:deaths":3,"minecraft:sneak_time":10376,"minecraft:walk_under_water_one_cm":64591,"minecraft:boat_one_cm":859677,"minecraft:jump":5116,"minecraft:walk_on_water_one_cm":44823,"minecraft:total_world_time":216900,"minecraft:interact_with_furnace":122,"minecraft:interact_with_cartography_table":1,"minecraft:sleep_in_bed":7,"minecraft:time_since_rest":66336,"minecraft:damage_taken":4321,"minecraft:damage_dealt":13137,"minecraft:player_kills":1,"minecraft:swim_one_cm":167658,"minecraft:fly_one_cm":1584912,"minecraft:open_chest":64,"minecraft:crouch_one_cm":26823,"minecraft:interact_with_smoker":4,"minecraft:fall_one_cm":135126,"minecraft:inspect_dispenser":3}},"DataVersion":3465}