{"stats":{"minecraft:killed":{"minecraft:spider":7,"minecraft:skeleton":11,"minecraft:chicken":12,"minecraft:pig":9,"minecraft:iron_golem":1,"minecraft:frog":1,"minecraft:creeper":1,"minecraft:sheep":10,"minecraft:zombie":15,"minecraft:cow":8},"minecraft:dropped":{"minecraft:water_bucket":3,"minecraft:porkchop":23,"minecraft:wheat_seeds":52,"minecraft:lapis_lazuli":6,"minecraft:cooked_beef":5,"minecraft:oak_log":6,"minecraft:tnt":5,"minecraft:mossy_cobblestone":10,"minecraft:dark_oak_sapling":1,"minecraft:poisonous_potato":3,"minecraft:mangrove_propagule":2,"minecraft:feather":9,"minecraft:cobblestone":12,"minecraft:leather":4,"minecraft:jungle_planks":42,"minecraft:coal":9,"minecraft:stick":2,"minecraft:emerald":26,"minecraft:dirt":6,"minecraft:dark_oak_log":2,"minecraft:diorite":1,"minecraft:dispenser":6,"minecraft:torch":4,"minecraft:melon_slice":1,"minecraft:cooked_cod":5,"minecraft:fire_charge":2,"minecraft:potion":1,"minecraft:iron_leggings":1,"minecraft:gold_nugget":6,"minecraft:golden_hoe":3,"minecraft:heart_of_the_sea":2,"minecraft:sand":6,"minecraft:iron_axe":1,"minecraft:mud":10,"minecraft:iron_pickaxe":2,"minecraft:paper":2,"minecraft:dark_oak_planks":1,"minecraft:string":4,"minecraft:tripwire_hook":2,"minecraft:bucket":1,"minecraft:gold_ingot":22,"minecraft:bone":19,"minecraft:gravel":1,"minecraft:furnace":2,"minecraft:stone_axe":1,"minecraft:mangrove_roots":2,"minecraft:lever":1,"minecraft:iron_nugget":16,"minecraft:bowl":1,"minecraft:sticky_piston":3,"minecraft:raw_iron":6,"minecraft:chicken":22,"minecraft:rotten_flesh":45,"minecraft:iron_boots":1,"minecraft:chiseled_stone_bricks":1,"minecraft:filled_map":4,"minecraft:hay_block":1,"minecraft:shield":2,"minecraft:gunpowder":2,"minecraft:andesite":1,"minecraft:chest":2,"minecraft:bamboo":14,"minecraft:sandstone":5,"minecraft:wooden_pickaxe":1,"minecraft:beef":7,"minecraft:netherrack":1},"minecraft:killed_by":{"minecraft:creeper":2,"minecraft:zombie":1},"minecraft:mined":{"minecraft:dark_oak_planks":2,"minecraft:white_bed":7,"minecraft:mossy_cobblestone":10,"minecraft:dark_oak_leaves":2,"minecraft:jungle_leaves":1,"minecraft:mangrove_roots":2,"minecraft:brewing_stand":2,"minecraft:glow_lichen":1,"minecraft:grass_block":3,"minecraft:jungle_planks":1,"minecraft:redstone_wire":10,"minecraft:sandstone":5,"minecraft:mangrove_propagule":3,"minecraft:chiseled_stone_bricks":1,"minecraft:tall_seagrass":4,"minecraft:furnace":10,"minecraft:iron_ore":52,"minecraft:sticky_piston":3,"minecraft:andesite":1,"minecraft:bamboo":1,"minecraft:stone":110,"minecraft:tripwire":2,"minecraft:kelp_plant":1,"minecraft:crafting_table":10,"minecraft:emerald_ore":2,"minecraft:melon":3,"minecraft:dead_bush":2,"minecraft:tall_grass":18,"minecraft:cobblestone":19,"minecraft:sugar_cane":10,"minecraft:oak_planks":6,"minecraft:diorite":1,"minecraft:seagrass":3,"minecraft:mud":16,"minecraft:birch_log":9,"minecraft:birch_leaves":6,"minecraft:mangrove_leaves":14,"minecraft:grass":294,"minecraft:oak_log":26,"minecraft:coal_ore":98,"minecraft:sand":19,"minecraft:gravel":3,"minecraft:dirt":7,"minecraft:tripwire_hook":1,"minecraft:dispenser":2,"minecraft:netherrack":29,"minecraft:oak_leaves":13,"minecraft:fern":3,"minecraft:suspicious_gravel":1},"minecraft:used":{"minecraft:iron_shovel":20,"minecraft:dispenser":2,"minecraft:iron_sword":231,"minecraft:shield":27,"minecraft:cooked_salmon":4,"minecraft:cooked_chicken":5,"minecraft:rotten_flesh":14,"minecraft:torch":4,"minecraft:dirt":42,"minecraft:carrot":2,"minecraft:golden_shovel":1,"minecraft:iron_axe":35,"minecraft:furnace":16,"minecraft:cooked_cod":1,"minecraft:cooked_beef":5,"minecraft:iron_leggings":2,"minecraft:cooked_mutton":8,"minecraft:water_bucket":89,"minecraft:stone_pickaxe":131,"minecraft:oak_planks":19,"minecraft:wooden_pickaxe":6,"minecraft:mossy_cobblestone":5,"minecraft:sand":14,"minecraft:crafting_table":10,"minecraft:spider_eye":1,"minecraft:white_bed":6,"minecraft:oak_log":2,"minecraft:mud":6,"minecraft:apple":1,"minecraft:bread":9,"minecraft:mangrove_propagule":1,"minecraft:melon_slice":29,"minecraft:suspicious_stew":1,"minecraft:iron_pickaxe":215,"minecraft:stone_axe":50,"minecraft:chiseled_stone_bricks":1,"minecraft:cobblestone":48,"minecraft:cooked_porkchop":9,"minecraft:bucket":92,"minecraft:oak_boat":15,"minecraft:experience_bottle":1},"minecraft:picked_up":{"minecraft:mud":16,"minecraft:iron_chestplate":1,"minecraft:crafting_table":11,"minecraft:chicken":33,"minecraft:leather_leggings":1,"minecraft:brewing_stand":2,"minecraft:shield":2,"minecraft:string":8,"minecraft:iron_axe":2,"minecraft:sticky_piston":6,"minecraft:iron_shovel":1,"minecraft:beef":18,"minecraft:oak_boat":15,"minecraft:iron_nugget":8,"minecraft:iron_pickaxe":2,"minecraft:chest":2,"minecraft:melon_slice":17,"minecraft:sugar_cane":26,"minecraft:furnace":11,"minecraft:dark_oak_sapling":1,"minecraft:stick":19,"minecraft:raw_iron":53,"minecraft:sandstone":5,"minecraft:torch":2,"minecraft:fire_charge":2,"minecraft:porkchop":37,"minecraft:diorite":1,"minecraft:redstone":10,"minecraft:dark_oak_planks":1,"minecraft:tnt":5,"minecraft:arrow":28,"minecraft:rotten_flesh":19,"minecraft:golden_hoe":2,"minecraft:hay_block":1,"minecraft:mangrove_roots":2,"minecraft:mutton":38,"minecraft:white_wool":9,"minecraft:cobblestone":129,"minecraft:birch_log":9,"minecraft:feather":7,"minecraft:tripwire_hook":2,"minecraft:water_bucket":2,"minecraft:andesite":1,"minecraft:leather":8,"minecraft:filled_map":1,"minecraft:oak_log":30,"minecraft:gunpowder":2,"minecraft:dirt":67,"minecraft:bone":16,"minecraft:apple":1,"minecraft:bow":1,"minecraft:wheat_seeds":58,"minecraft:iron_ingot":25,"minecraft:cooked_chicken":1,"minecraft:bamboo":11,"minecraft:iron_sword":1,"minecraft:oak_planks":65,"minecraft:chiseled_stone_bricks":1,"minecraft:dandelion":1,"minecraft:poisonous_potato":3,"minecraft:gravel":1,"minecraft:sand":20,"minecraft:jungle_planks":43,"minecraft:white_bed":5,"minecraft:dark_oak_log":2,"minecraft:spider_eye":1,"minecraft:mossy_cobblestone":10,"minecraft:leather_helmet":1,"minecraft:dispenser":8,"minecraft:iron_helmet":1,"minecraft:bread":28,"minecraft:emerald":4,"minecraft:oak_sapling":17,"minecraft:netherrack":1,"minecraft:mangrove_propagule":3,"minecraft:coal":205},"minecraft:broken":{"minecraft:stone_pickaxe":1},"minecraft:crafted":{"minecraft:oak_planks":88,"minecraft:cooked_chicken":12,"minecraft:furnace":8,"minecraft:cooked_mutton":16,"minecraft:iron_boots":3,"minecraft:iron_axe":2,"minecraft:stone_pickaxe":1,"minecraft:dark_oak_planks":8,"minecraft:cooked_beef":16,"minecraft:cooked_porkchop":15,"minecraft:crafting_table":3,"minecraft:wooden_pickaxe":1,"minecraft:iron_helmet":2,"minecraft:iron_sword":1,"minecraft:bucket":2,"minecraft:birch_planks":36,"minecraft:stone_axe":1,"minecraft:air":0,"minecraft:oak_boat":1,"minecraft:iron_chestplate":2,"minecraft:shield":2,"minecraft:stick":72,"minecraft:iron_pickaxe":4,"minecraft:iron_ingot":52,"minecraft:gold_ingot":9,"minecraft:iron_shovel":1,"minecraft:iron_leggings":2,"minecraft:white_bed":3,"minecraft:torch":4,"minecraft:golden_hoe":2},"minecraft:custom":{"minecraft:mob_kills":75,"minecraft:interact_with_crafting_table":40,"minecraft:bell_ring":10,"minecraft:leave_game":6,"minecraft:time_since_death":40213,"minecraft:climb_one_cm":10780,"minecraft:sprint_one_cm":438095,"minecraft:walk_one_cm":247460,"minecraft:damage_blocked_by_shield":1995,"minecraft:drop":110,"minecraft:talked_to_villager":2,"minecraft:play_time":190877,"minecraft:deaths":3,"minecraft:sneak_time":8202,"minecraft:walk_under_water_one_cm":59678,"minecraft:boat_one_cm":835705,"minecraft:jump":4618,"minecraft:walk_on_water_one_cm":39685,"minecraft:total_world_time":190877,"minecraft:interact_with_furnace":101,"minecraft:interact_with_cartography_table":1,"minecraft:sleep_in_bed":7,"minecraft:time_since_rest":40313,"minecraft:damage_taken":4161,"minecraft:damage_dealt":10820,"minecraft:player_kills":1,"minecraft:swim_one_cm":148496,"minecraft:fly_one_cm":1477828,"minecraft:open_chest":59,"minecraft:crouch_one_cm":17230,"minecraft:fall_one_cm":124919,"minecraft:inspect_dispenser":3}},"DataVersion":3465}